Human Time,altitude_barometer,altitude_gps,ballastPercent,ballastRemaining,ballast_time,batteryPercent,flightTime,id,imei,internal_temp,latitude,longitude,mission,momsn,pressure,timestamp,transmit_time,updated_at,vent_time,
2019-06-01 19:37:31 -0700, -986,   25,-Infinity,-15,15,NaN,32551,19251,300234067161910,-134.8,  37.428,-122.174,62,231,113738,Sat Jun 01 2019 19:37:31 GMT-0700 (Pacific Daylight Time),1559443051000,2019-06-01 19:37:35 -0700,446,
2019-06-01 19:33:25 -0700, -986,   31,-Infinity,-15,15,NaN,32305,19250,300234067161910,-134.8,  37.426,-122.180,62,230,113738,Sat Jun 01 2019 19:33:25 GMT-0700 (Pacific Daylight Time),1559442805000,2019-06-01 19:33:27 -0700,446,
2019-06-01 19:29:09 -0700, -986,   51,-Infinity,-15,15,NaN,32049,19249,300234067161910,-134.8,  37.415,-122.190,62,229,113738,Sat Jun 01 2019 19:29:09 GMT-0700 (Pacific Daylight Time),1559442549000,2019-06-01 19:29:15 -0700,446,
2019-06-01 19:24:59 -0700, -986,  122,-Infinity,-15,15,NaN,31799,19248,300234067161910,-134.8,  37.371,-122.143,62,228,113738,Sat Jun 01 2019 19:24:59 GMT-0700 (Pacific Daylight Time),1559442299000,2019-06-01 19:25:03 -0700,446,
2019-06-01 19:20:39 -0700, -986,   74,-Infinity,-15,15,NaN,31539,19247,300234067161910,-134.8,  37.334,-122.066,62,227,113738,Sat Jun 01 2019 19:20:39 GMT-0700 (Pacific Daylight Time),1559442039000,2019-06-01 19:20:43 -0700,446,
2019-06-01 19:11:13 -0700, -986,   43,-Infinity,-15,15,NaN,30973,19246,300234067161910,-134.8,  37.253,-121.886,62,226,113738,Sat Jun 01 2019 19:11:13 GMT-0700 (Pacific Daylight Time),1559441473000,2019-06-01 19:11:19 -0700,446,
2019-06-01 19:06:09 -0700, -986,   62,-Infinity,-15,15,NaN,30669,19245,300234067161910,-134.8,  37.234,-121.754,62,225,113738,Sat Jun 01 2019 19:06:09 GMT-0700 (Pacific Daylight Time),1559441169000,2019-06-01 19:06:15 -0700,446,
2019-06-01 18:59:39 -0700, -986,  107,-Infinity,-15,15,NaN,30279,19244,300234067161910,-134.8,  37.181,-121.682,62,224,113738,Sat Jun 01 2019 18:59:39 GMT-0700 (Pacific Daylight Time),1559440779000,2019-06-01 18:59:43 -0700,446,
2019-06-01 18:50:50 -0700, -986,   61,-Infinity,-15,15,NaN,29750,19243,300234067161910,-134.8,  37.059,-121.584,62,223,113738,Sat Jun 01 2019 18:50:50 GMT-0700 (Pacific Daylight Time),1559440250000,2019-06-01 18:50:55 -0700,446,
2019-06-01 18:40:58 -0700, -986,   44,-Infinity,-15,15,NaN,29158,19242,300234067161910,-134.8,  37.005,-121.567,62,222,113738,Sat Jun 01 2019 18:40:58 GMT-0700 (Pacific Daylight Time),1559439658000,2019-06-01 18:41:03 -0700,446,
2019-06-01 18:32:09 -0700, -986,   59,-Infinity,-15,15,NaN,28629,19241,300234067161910,-134.8,  37.005,-121.567,62,221,113738,Sat Jun 01 2019 18:32:09 GMT-0700 (Pacific Daylight Time),1559439129000,2019-06-01 18:32:11 -0700,446,
2019-06-01 18:27:24 -0700, -986,   50,-Infinity,-15,15,NaN,28344,19240,300234067161910,-134.8,  37.004,-121.554,62,220,113738,Sat Jun 01 2019 18:27:24 GMT-0700 (Pacific Daylight Time),1559438844000,2019-06-01 18:27:27 -0700,446,
2019-06-01 18:19:01 -0700, -986,   46,-Infinity,-15,15,NaN,27841,19239,300234067161910,-134.8,  37.008,-121.513,62,219,113738,Sat Jun 01 2019 18:19:01 GMT-0700 (Pacific Daylight Time),1559438341000,2019-06-01 18:19:07 -0700,446,
2019-06-01 18:13:35 -0700, -986,  180,-Infinity,-15,15,NaN,27515,19238,300234067161910,-134.8,  37.097,-121.152,62,218,113738,Sat Jun 01 2019 18:13:35 GMT-0700 (Pacific Daylight Time),1559438015000,2019-06-01 18:13:39 -0700,446,
2019-06-01 18:07:36 -0700, -986,  180,-Infinity,-15,15,NaN,27156,19237,300234067161910,-134.8,  37.097,-121.152,62,217,113738,Sat Jun 01 2019 18:07:36 GMT-0700 (Pacific Daylight Time),1559437656000,2019-06-01 18:07:39 -0700,446,
2019-06-01 18:02:38 -0700, -986,  180,-Infinity,-15,15,NaN,26858,19236,300234067161910,-134.8,  37.097,-121.152,62,216,113738,Sat Jun 01 2019 18:02:38 GMT-0700 (Pacific Daylight Time),1559437358000,2019-06-01 18:02:43 -0700,446,
2019-06-01 17:53:37 -0700, -986,  180,-Infinity,-15,15,NaN,26317,19235,300234067161910,-134.8,  37.097,-121.152,62,215,113738,Sat Jun 01 2019 17:53:37 GMT-0700 (Pacific Daylight Time),1559436817000,2019-06-01 17:53:38 -0700,446,
2019-06-01 17:49:24 -0700, -986,  166,-Infinity,-15,15,NaN,26064,19234,300234067161910,-134.8,  37.101,-121.141,62,214,113738,Sat Jun 01 2019 17:49:24 GMT-0700 (Pacific Daylight Time),1559436564000,2019-06-01 17:49:31 -0700,446,
2019-06-01 17:45:07 -0700, -986,   68,-Infinity,-15,15,NaN,25807,19233,300234067161910,-134.8,  37.055,-121.016,62,213,113738,Sat Jun 01 2019 17:45:07 GMT-0700 (Pacific Daylight Time),1559436307000,2019-06-01 17:45:11 -0700,446,
2019-06-01 17:40:57 -0700, -986,   68,-Infinity,-15,15,NaN,25557,19232,300234067161910,-134.8,  37.055,-121.016,62,212,113738,Sat Jun 01 2019 17:40:57 GMT-0700 (Pacific Daylight Time),1559436057000,2019-06-01 17:40:59 -0700,446,
2019-06-01 17:21:43 -0700, -986,  168,-Infinity,-15,15,NaN,24403,19231,300234067161910,-134.8,  36.650,-120.631,62,211,113738,Sat Jun 01 2019 17:21:43 GMT-0700 (Pacific Daylight Time),1559434903000,2019-06-01 17:21:47 -0700,446,
2019-06-01 17:12:24 -0700, -986,  168,-Infinity,-15,15,NaN,23844,19230,300234067161910,-134.8,  36.650,-120.631,62,210,113738,Sat Jun 01 2019 17:12:24 GMT-0700 (Pacific Daylight Time),1559434344000,2019-06-01 17:12:27 -0700,446,
2019-06-01 17:06:43 -0700, -986,  168,-Infinity,-15,15,NaN,23503,19229,300234067161910,-134.8,  36.650,-120.631,62,209,113738,Sat Jun 01 2019 17:06:43 GMT-0700 (Pacific Daylight Time),1559434003000,2019-06-01 17:06:47 -0700,446,
2019-06-01 16:57:12 -0700, -986,  168,-Infinity,-15,15,NaN,22932,19228,300234067161910,-134.8,  36.650,-120.631,62,208,113738,Sat Jun 01 2019 16:57:12 GMT-0700 (Pacific Daylight Time),1559433432000,2019-06-01 16:57:15 -0700,446,
2019-06-01 16:48:24 -0700, -986,  168,-Infinity,-15,15,NaN,22404,19227,300234067161910,-134.8,  36.650,-120.631,62,207,113738,Sat Jun 01 2019 16:48:24 GMT-0700 (Pacific Daylight Time),1559432904000,2019-06-01 16:48:27 -0700,446,
2019-06-01 16:42:22 -0700, -986,   88,-Infinity,-15,15,NaN,22042,19226,300234067161910,-134.8,  36.662,-120.562,62,206,113738,Sat Jun 01 2019 16:42:22 GMT-0700 (Pacific Daylight Time),1559432542000,2019-06-01 16:42:26 -0700,446,
2019-06-01 16:36:27 -0700, -986,  176,-Infinity,-15,15,NaN,21687,19225,300234067161910,-134.8,  36.691,-120.519,62,205,113738,Sat Jun 01 2019 16:36:27 GMT-0700 (Pacific Daylight Time),1559432187000,2019-06-01 16:36:31 -0700,446,
2019-06-01 16:31:45 -0700, -986,   80,-Infinity,-15,15,NaN,21405,19224,300234067161910,-134.8,  36.692,-120.518,62,204,113738,Sat Jun 01 2019 16:31:45 GMT-0700 (Pacific Daylight Time),1559431905000,2019-06-01 16:31:47 -0700,446,
2019-06-01 16:27:34 -0700, -986,   80,-Infinity,-15,15,NaN,21154,19223,300234067161910,-134.8,  36.692,-120.518,62,203,113738,Sat Jun 01 2019 16:27:34 GMT-0700 (Pacific Daylight Time),1559431654000,2019-06-01 16:27:39 -0700,446,
2019-06-01 16:22:42 -0700, -986,   81,-Infinity,-15,15,NaN,20862,19222,300234067161910,-134.8,  36.692,-120.518,62,202,113738,Sat Jun 01 2019 16:22:42 GMT-0700 (Pacific Daylight Time),1559431362000,2019-06-01 16:22:47 -0700,446,
2019-06-01 16:18:30 -0700, -986,   82,-Infinity,-15,15,NaN,20610,19221,300234067161910,-134.8,  36.692,-120.518,62,201,113738,Sat Jun 01 2019 16:18:30 GMT-0700 (Pacific Daylight Time),1559431110000,2019-06-01 16:18:35 -0700,446,
2019-06-01 16:14:21 -0700, -986,   82,-Infinity,-15,15,NaN,20361,19220,300234067161910,-134.8,  36.692,-120.518,62,200,113738,Sat Jun 01 2019 16:14:21 GMT-0700 (Pacific Daylight Time),1559430861000,2019-06-01 16:14:22 -0700,446,
2019-06-01 16:10:09 -0700, -986,   82,-Infinity,-15,15,NaN,20109,19219,300234067161910,-134.8,  36.692,-120.518,62,199,113738,Sat Jun 01 2019 16:10:09 GMT-0700 (Pacific Daylight Time),1559430609000,2019-06-01 16:10:11 -0700,446,
2019-06-01 16:04:46 -0700, -986,   82,-Infinity,-15,15,NaN,19786,19218,300234067161910,-134.8,  36.692,-120.518,62,198,113738,Sat Jun 01 2019 16:04:46 GMT-0700 (Pacific Daylight Time),1559430286000,2019-06-01 16:04:51 -0700,446,
2019-06-01 16:00:34 -0700, -986,   82,-Infinity,-15,15,NaN,19534,19217,300234067161910,-134.8,  36.692,-120.518,62,197,113738,Sat Jun 01 2019 16:00:34 GMT-0700 (Pacific Daylight Time),1559430034000,2019-06-01 16:01:18 -0700,446,
2019-06-01 15:56:20 -0700, -986,   83,-Infinity,-15,15,NaN,19280,19216,300234067161910,-134.8,  36.692,-120.518,62,196,113738,Sat Jun 01 2019 15:56:20 GMT-0700 (Pacific Daylight Time),1559429780000,2019-06-01 15:56:23 -0700,446,
2019-06-01 15:52:09 -0700, -986,   83,-Infinity,-15,15,NaN,19029,19215,300234067161910,-134.8,  36.692,-120.518,62,195,113738,Sat Jun 01 2019 15:52:09 GMT-0700 (Pacific Daylight Time),1559429529000,2019-06-01 15:52:11 -0700,446,
2019-06-01 15:47:58 -0700, -986,   82,-Infinity,-15,15,NaN,18778,19214,300234067161910,-134.8,  36.692,-120.518,62,194,113738,Sat Jun 01 2019 15:47:58 GMT-0700 (Pacific Daylight Time),1559429278000,2019-06-01 15:48:03 -0700,446,
2019-06-01 15:43:48 -0700, -986,   82,-Infinity,-15,15,NaN,18528,19213,300234067161910,-134.8,  36.692,-120.518,62,193,113738,Sat Jun 01 2019 15:43:48 GMT-0700 (Pacific Daylight Time),1559429028000,2019-06-01 15:43:51 -0700,446,
2019-06-01 15:39:37 -0700, -986,   82,-Infinity,-15,15,NaN,18277,19212,300234067161910,-134.8,  36.692,-120.518,62,192,113738,Sat Jun 01 2019 15:39:37 GMT-0700 (Pacific Daylight Time),1559428777000,2019-06-01 15:39:42 -0700,446,
2019-06-01 15:35:21 -0700, -986,   82,-Infinity,-15,15,NaN,18021,19211,300234067161910,-134.8,  36.692,-120.518,62,191,113738,Sat Jun 01 2019 15:35:21 GMT-0700 (Pacific Daylight Time),1559428521000,2019-06-01 15:35:22 -0700,446,
2019-06-01 15:31:06 -0700, -986,   82,-Infinity,-15,15,NaN,17766,19210,300234067161910,-134.8,  36.692,-120.518,62,190,113738,Sat Jun 01 2019 15:31:06 GMT-0700 (Pacific Daylight Time),1559428266000,2019-06-01 15:31:11 -0700,446,
2019-06-01 15:26:50 -0700, -986,   82,-Infinity,-15,15,NaN,17510,19209,300234067161910,-134.8,  36.692,-120.518,62,189,113738,Sat Jun 01 2019 15:26:50 GMT-0700 (Pacific Daylight Time),1559428010000,2019-06-01 15:26:54 -0700,446,
2019-06-01 15:22:43 -0700, -986,   82,-Infinity,-15,15,NaN,17263,19208,300234067161910,-134.8,  36.692,-120.518,62,188,113738,Sat Jun 01 2019 15:22:43 GMT-0700 (Pacific Daylight Time),1559427763000,2019-06-01 15:22:46 -0700,446,
2019-06-01 15:18:29 -0700, -986,   82,-Infinity,-15,15,NaN,17009,19207,300234067161910,-134.8,  36.692,-120.518,62,187,113738,Sat Jun 01 2019 15:18:29 GMT-0700 (Pacific Daylight Time),1559427509000,2019-06-01 15:18:35 -0700,446,
2019-06-01 15:14:14 -0700, -986,   81,-Infinity,-15,15,NaN,16754,19206,300234067161910,-134.8,  36.692,-120.518,62,186,113738,Sat Jun 01 2019 15:14:14 GMT-0700 (Pacific Daylight Time),1559427254000,2019-06-01 15:14:19 -0700,446,
2019-06-01 15:09:59 -0700, -986,   81,-Infinity,-15,15,NaN,16499,19205,300234067161910,-134.8,  36.692,-120.518,62,185,113738,Sat Jun 01 2019 15:09:59 GMT-0700 (Pacific Daylight Time),1559426999000,2019-06-01 15:10:03 -0700,446,
2019-06-01 15:05:49 -0700, -986,   81,-Infinity,-15,15,NaN,16249,19204,300234067161910,-134.8,  36.692,-120.518,62,184,113738,Sat Jun 01 2019 15:05:49 GMT-0700 (Pacific Daylight Time),1559426749000,2019-06-01 15:05:51 -0700,446,
2019-06-01 14:59:53 -0700, -986,   80,-Infinity,-15,15,NaN,15893,19203,300234067161910,-134.8,  36.692,-120.518,62,183,113738,Sat Jun 01 2019 14:59:53 GMT-0700 (Pacific Daylight Time),1559426393000,2019-06-01 14:59:59 -0700,446,
2019-06-01 14:57:39 -0700, -986,   80,-Infinity,-15,15,NaN,15759,19202,300234067161910,-134.8,  36.692,-120.518,62,182,113738,Sat Jun 01 2019 14:57:39 GMT-0700 (Pacific Daylight Time),1559426259000,2019-06-01 14:57:43 -0700,446,
2019-06-01 14:53:39 -0700, -986,   80,-Infinity,-15,15,NaN,15519,19201,300234067161910,-134.8,  36.692,-120.518,62,181,113738,Sat Jun 01 2019 14:53:39 GMT-0700 (Pacific Daylight Time),1559426019000,2019-06-01 14:53:42 -0700,446,
2019-06-01 14:51:30 -0700, -986,   80,-Infinity,-15,15,NaN,15390,19200,300234067161910,-134.8,  36.692,-120.518,62,180,113738,Sat Jun 01 2019 14:51:30 GMT-0700 (Pacific Daylight Time),1559425890000,2019-06-01 14:51:34 -0700,446,
2019-06-01 14:49:19 -0700, -986,   81,-Infinity,-15,15,NaN,15259,19199,300234067161910,-134.8,  36.692,-120.518,62,179,113738,Sat Jun 01 2019 14:49:19 GMT-0700 (Pacific Daylight Time),1559425759000,2019-06-01 14:49:22 -0700,446,
2019-06-01 14:47:04 -0700, -986,   81,-Infinity,-15,15,NaN,15124,19198,300234067161910,-134.8,  36.692,-120.518,62,178,113738,Sat Jun 01 2019 14:47:04 GMT-0700 (Pacific Daylight Time),1559425624000,2019-06-01 14:47:07 -0700,446,
2019-06-01 14:44:52 -0700, -986,   81,-Infinity,-15,15,NaN,14992,19197,300234067161910,-134.8,  36.692,-120.518,62,177,113738,Sat Jun 01 2019 14:44:52 GMT-0700 (Pacific Daylight Time),1559425492000,2019-06-01 14:44:55 -0700,446,
2019-06-01 14:42:37 -0700, -986,   81,-Infinity,-15,15,NaN,14857,19196,300234067161910,-134.8,  36.692,-120.518,62,176,113738,Sat Jun 01 2019 14:42:37 GMT-0700 (Pacific Daylight Time),1559425357000,2019-06-01 14:42:39 -0700,446,
2019-06-01 14:40:26 -0700, -986,   81,-Infinity,-15,15,NaN,14726,19195,300234067161910,-134.8,  36.692,-120.518,62,175,113738,Sat Jun 01 2019 14:40:26 GMT-0700 (Pacific Daylight Time),1559425226000,2019-06-01 14:40:31 -0700,446,
2019-06-01 14:38:13 -0700, -986,   81,-Infinity,-15,15,NaN,14593,19194,300234067161910,-134.8,  36.692,-120.518,62,174,113738,Sat Jun 01 2019 14:38:13 GMT-0700 (Pacific Daylight Time),1559425093000,2019-06-01 14:38:19 -0700,446,
2019-06-01 14:35:59 -0700, -986,   80,-Infinity,-15,15,NaN,14459,19193,300234067161910,-134.8,  36.692,-120.518,62,173,113738,Sat Jun 01 2019 14:35:59 GMT-0700 (Pacific Daylight Time),1559424959000,2019-06-01 14:36:02 -0700,446,
2019-06-01 14:33:46 -0700, -986,  110,-Infinity,-15,15,NaN,14326,19192,300234067161910,-134.8,  37.226,-120.251,62,172,113738,Sat Jun 01 2019 14:33:46 GMT-0700 (Pacific Daylight Time),1559424826000,2019-06-01 14:33:50 -0700,446,
2019-06-01 14:31:31 -0700, -986,  110,-Infinity,-15,15,NaN,14191,19191,300234067161910,-134.8,  37.226,-120.251,62,171,113738,Sat Jun 01 2019 14:31:31 GMT-0700 (Pacific Daylight Time),1559424691000,2019-06-01 14:31:34 -0700,446,
2019-06-01 14:29:20 -0700, -986,  110,-Infinity,-15,15,NaN,14060,19190,300234067161910,-134.8,  37.226,-120.251,62,170,113738,Sat Jun 01 2019 14:29:20 GMT-0700 (Pacific Daylight Time),1559424560000,2019-06-01 14:29:23 -0700,446,
2019-06-01 14:27:11 -0700, -986,  110,-Infinity,-15,15,NaN,13931,19189,300234067161910,-134.8,  37.226,-120.251,62,169,113738,Sat Jun 01 2019 14:27:11 GMT-0700 (Pacific Daylight Time),1559424431000,2019-06-01 14:27:15 -0700,446,
2019-06-01 14:24:22 -0700, -986,  110,-Infinity,-15,15,NaN,13762,19188,300234067161910,-134.8,  37.226,-120.251,62,168,113738,Sat Jun 01 2019 14:24:22 GMT-0700 (Pacific Daylight Time),1559424262000,2019-06-01 14:24:27 -0700,446,
2019-06-01 14:21:19 -0700, -986,  110,-Infinity,-15,15,NaN,13579,19187,300234067161910,-134.8,  37.226,-120.251,62,167,113738,Sat Jun 01 2019 14:21:19 GMT-0700 (Pacific Daylight Time),1559424079000,2019-06-01 14:21:23 -0700,446,
2019-06-01 14:19:12 -0700, -986,  110,-Infinity,-15,15,NaN,13452,19186,300234067161910,-134.8,  37.226,-120.251,62,166,113738,Sat Jun 01 2019 14:19:12 GMT-0700 (Pacific Daylight Time),1559423952000,2019-06-01 14:19:15 -0700,446,
2019-06-01 14:15:55 -0700, -986,  110,-Infinity,-15,15,NaN,13255,19185,300234067161910,-134.8,  37.226,-120.251,62,165,113738,Sat Jun 01 2019 14:15:55 GMT-0700 (Pacific Daylight Time),1559423755000,2019-06-01 14:15:59 -0700,446,
2019-06-01 14:11:54 -0700, -986,  110,-Infinity,-15,15,NaN,13014,19183,300234067161910,-134.8,  37.226,-120.251,62,164,113738,Sat Jun 01 2019 14:11:54 GMT-0700 (Pacific Daylight Time),1559423514000,2019-06-01 14:11:59 -0700,446,
2019-06-01 14:09:42 -0700, -986,  110,-Infinity,-15,15,NaN,12882,19182,300234067161910,-134.8,  37.226,-120.251,62,163,113738,Sat Jun 01 2019 14:09:42 GMT-0700 (Pacific Daylight Time),1559423382000,2019-06-01 14:09:47 -0700,446,
2019-06-01 14:07:27 -0700,22079,  110,-Infinity,-15,15,NaN,12747,19181,300234067161910, 9.7,  37.226,-120.251,62,162,  2708,Sat Jun 01 2019 14:07:27 GMT-0700 (Pacific Daylight Time),1559423247000,2019-06-01 14:07:31 -0700,446,
2019-06-01 14:05:10 -0700,22060,  110,-Infinity,-15,15,NaN,12610,19180,300234067161910, 8.1,  37.226,-120.251,62,161,  2720,Sat Jun 01 2019 14:05:10 GMT-0700 (Pacific Daylight Time),1559423110000,2019-06-01 14:05:15 -0700,446,
2019-06-01 14:03:00 -0700,22022,  110,-Infinity,-15,15,NaN,12480,19179,300234067161910, 6.9,  37.226,-120.251,62,160,  2745,Sat Jun 01 2019 14:03:00 GMT-0700 (Pacific Daylight Time),1559422980000,2019-06-01 14:03:02 -0700,446,
2019-06-01 14:00:49 -0700,22100,  110,-Infinity,-15,15,NaN,12349,19178,300234067161910, 3.8,  37.226,-120.251,62,159,  2695,Sat Jun 01 2019 14:00:49 GMT-0700 (Pacific Daylight Time),1559422849000,2019-06-01 14:01:52 -0700,446,
2019-06-01 13:58:27 -0700,22094,  110,-Infinity,-15,15,NaN,12207,19177,300234067161910, 7.2,  37.226,-120.251,62,158,  2698,Sat Jun 01 2019 13:58:27 GMT-0700 (Pacific Daylight Time),1559422707000,2019-06-01 13:58:31 -0700,350,
2019-06-01 13:53:30 -0700,22026,  110,-Infinity,-15,15,NaN,11910,19176,300234067161910, 7.4,  37.226,-120.251,62,157,  2742,Sat Jun 01 2019 13:53:30 GMT-0700 (Pacific Daylight Time),1559422410000,2019-06-01 13:53:35 -0700,270,
2019-06-01 13:46:16 -0700,21692,  110,-Infinity,-15,15,NaN,11476,19175,300234067161910, 1.6,  37.226,-120.251,62,156,  2965,Sat Jun 01 2019 13:46:16 GMT-0700 (Pacific Daylight Time),1559421976000,2019-06-01 13:46:19 -0700,270,
2019-06-01 13:43:02 -0700,21541,  110,-Infinity,-15,15,NaN,11282,19174,300234067161910, 3.4,  37.226,-120.251,62,155,  3070,Sat Jun 01 2019 13:43:02 GMT-0700 (Pacific Daylight Time),1559421782000,2019-06-01 13:43:07 -0700,190,
2019-06-01 13:39:43 -0700,21344,  110,-Infinity,-15,15,NaN,11083,19173,300234067161910, 0.5,  37.226,-120.251,62,154,  3212,Sat Jun 01 2019 13:39:43 GMT-0700 (Pacific Daylight Time),1559421583000,2019-06-01 13:39:47 -0700,190,
2019-06-01 13:36:05 -0700,21105,  110,-Infinity,-15,15,NaN,10865,19172,300234067161910, 2.1,  37.226,-120.251,62,153,  3392,Sat Jun 01 2019 13:36:05 GMT-0700 (Pacific Daylight Time),1559421365000,2019-06-01 13:36:11 -0700,94,
2019-06-01 13:33:09 -0700,20865,  110,-Infinity,-15,15,NaN,10689,19171,300234067161910, 2.8,  37.226,-120.251,62,152,  3580,Sat Jun 01 2019 13:33:09 GMT-0700 (Pacific Daylight Time),1559421189000,2019-06-01 13:33:15 -0700,62,
2019-06-01 13:26:08 -0700,20166,  110,-Infinity,-15,15,NaN,10268,19170,300234067161910, 1.4,  37.226,-120.251,62,151,  4177,Sat Jun 01 2019 13:26:08 GMT-0700 (Pacific Daylight Time),1559420768000,2019-06-01 13:26:11 -0700,30,
2019-06-01 13:23:00 -0700,19853,  110,-Infinity,-15,15,NaN,10080,19169,300234067161910, 1.0,  37.226,-120.251,62,150,  4470,Sat Jun 01 2019 13:23:00 GMT-0700 (Pacific Daylight Time),1559420580000,2019-06-01 13:23:03 -0700,15,
2019-06-01 13:17:18 -0700,19176,  110,-Infinity,-15,15,NaN,9738,19168,300234067161910,-1.1,  37.226,-120.251,62,149,  5159,Sat Jun 01 2019 13:17:18 GMT-0700 (Pacific Daylight Time),1559420238000,2019-06-01 13:17:23 -0700,15,
2019-06-01 13:14:20 -0700,18854,  110,-Infinity,-15,15,NaN,9560,19166,300234067161910,-1.6,  37.226,-120.251,62,148,  5516,Sat Jun 01 2019 13:14:20 GMT-0700 (Pacific Daylight Time),1559420060000,2019-06-01 13:14:23 -0700,10,
2019-06-01 13:11:21 -0700,18480,  110,-Infinity,-15,15,NaN,9381,19164,300234067161910,-1.9,  37.226,-120.251,62,147,  5954,Sat Jun 01 2019 13:11:21 GMT-0700 (Pacific Daylight Time),1559419881000,2019-06-01 13:11:27 -0700,5,
2019-06-01 13:06:07 -0700,17818,  110,-Infinity,-15,15,NaN,9067,19162,300234067161910,-3.5,  37.226,-120.251,62,146,  6800,Sat Jun 01 2019 13:06:07 GMT-0700 (Pacific Daylight Time),1559419567000,2019-06-01 13:06:11 -0700,5,
2019-06-01 13:03:51 -0700,17529,  110,-Infinity,-15,15,NaN,8931,19160,300234067161910,-3.9,  37.226,-120.251,62,145,  7199,Sat Jun 01 2019 13:03:51 GMT-0700 (Pacific Daylight Time),1559419431000,2019-06-01 13:03:55 -0700,5,
2019-06-01 13:01:39 -0700,17236,  110,-Infinity,-15,15,NaN,8799,19158,300234067161910,-4.6,  37.226,-120.251,62,144,  7623,Sat Jun 01 2019 13:01:39 GMT-0700 (Pacific Daylight Time),1559419299000,2019-06-01 13:02:11 -0700,5,
2019-06-01 12:57:40 -0700,16409,  110,-Infinity,-15,15,NaN,8560,19156,300234067161910,-6.4,  37.226,-120.251,62,143,  8928,Sat Jun 01 2019 12:57:40 GMT-0700 (Pacific Daylight Time),1559419060000,2019-06-01 12:57:43 -0700,5,
2019-06-01 12:49:57 -0700,15761,  110,-Infinity,-15,15,NaN,8097,19154,300234067161910,-7.4,  37.226,-120.251,62,142, 10072,Sat Jun 01 2019 12:49:57 GMT-0700 (Pacific Daylight Time),1559418597000,2019-06-01 12:49:59 -0700,5,
2019-06-01 12:47:11 -0700,15396,  110,-Infinity,-15,15,NaN,7931,19152,300234067161910,-8.1,  37.226,-120.251,62,141, 10766,Sat Jun 01 2019 12:47:11 GMT-0700 (Pacific Daylight Time),1559418431000,2019-06-01 12:47:15 -0700,5,
2019-06-01 12:44:59 -0700,15106,  110,-Infinity,-15,15,NaN,7799,19151,300234067161910,-8.6,  37.226,-120.251,62,140, 11344,Sat Jun 01 2019 12:44:59 GMT-0700 (Pacific Daylight Time),1559418299000,2019-06-01 12:45:03 -0700,5,
2019-06-01 12:42:37 -0700,14821,  110,-Infinity,-15,15,NaN,7657,19150,300234067161910,-8.3,  37.226,-120.251,62,139, 11939,Sat Jun 01 2019 12:42:37 GMT-0700 (Pacific Daylight Time),1559418157000,2019-06-01 12:42:43 -0700,0,
2019-06-01 12:35:44 -0700,13909,  110,-Infinity,-15,15,NaN,7244,19149,300234067161910,-9.2,  37.226,-120.251,62,138, 14009,Sat Jun 01 2019 12:35:44 GMT-0700 (Pacific Daylight Time),1559417744000,2019-06-01 12:35:47 -0700,0,
2019-06-01 12:31:06 -0700,13323,  110,-Infinity,-15,15,NaN,6966,19148,300234067161910,-9.6,  37.226,-120.251,62,137, 15487,Sat Jun 01 2019 12:31:06 GMT-0700 (Pacific Daylight Time),1559417466000,2019-06-01 12:31:11 -0700,0,
2019-06-01 12:27:41 -0700,12870,  110,-Infinity,-15,15,NaN,6761,19147,300234067161910,-10.1,  37.226,-120.251,62,136, 16714,Sat Jun 01 2019 12:27:41 GMT-0700 (Pacific Daylight Time),1559417261000,2019-06-01 12:27:43 -0700,0,
2019-06-01 12:25:30 -0700,12603,  110,-Infinity,-15,15,NaN,6630,19146,300234067161910,-10.2,  37.226,-120.251,62,135, 17472,Sat Jun 01 2019 12:25:30 GMT-0700 (Pacific Daylight Time),1559417130000,2019-06-01 12:25:34 -0700,0,
2019-06-01 12:22:43 -0700,12267,  110,-Infinity,-15,15,NaN,6463,19145,300234067161910,-10.4,  37.226,-120.251,62,134, 18467,Sat Jun 01 2019 12:22:43 GMT-0700 (Pacific Daylight Time),1559416963000,2019-06-01 12:22:47 -0700,0,
2019-06-01 12:20:34 -0700,11704,  110,-Infinity,-15,15,NaN,6334,19144,300234067161910,-10.4,  37.226,-120.251,62,133, 20234,Sat Jun 01 2019 12:20:34 GMT-0700 (Pacific Daylight Time),1559416834000,2019-06-01 12:20:38 -0700,0,
2019-06-01 12:14:08 -0700,10968,  110,-Infinity,-15,15,NaN,5948,19143,300234067161910,-9.4,  37.226,-120.251,62,132, 22751,Sat Jun 01 2019 12:14:08 GMT-0700 (Pacific Daylight Time),1559416448000,2019-06-01 12:14:11 -0700,0,
2019-06-01 12:07:36 -0700,10035,  110,-Infinity,-15,15,NaN,5556,19142,300234067161910,-5.3,  37.226,-120.251,62,131, 26300,Sat Jun 01 2019 12:07:36 GMT-0700 (Pacific Daylight Time),1559416056000,2019-06-01 12:07:38 -0700,0,
2019-06-01 12:01:10 -0700, 9312,  110,-Infinity,-15,15,NaN,5170,19141,300234067161910,-2.9,  37.226,-120.251,62,130, 29348,Sat Jun 01 2019 12:01:10 GMT-0700 (Pacific Daylight Time),1559415670000,2019-06-01 12:01:59 -0700,0,
2019-06-01 11:57:58 -0700, 8867,  110,-Infinity,-15,15,NaN,4978,19140,300234067161910,-1.4,  37.226,-120.251,62,129, 31362,Sat Jun 01 2019 11:57:58 GMT-0700 (Pacific Daylight Time),1559415478000,2019-06-01 11:58:03 -0700,0,
2019-06-01 11:54:32 -0700, 8370,  110,-Infinity,-15,15,NaN,4772,19139,300234067161910, 1.1,  37.226,-120.251,62,128, 33743,Sat Jun 01 2019 11:54:32 GMT-0700 (Pacific Daylight Time),1559415272000,2019-06-01 11:54:39 -0700,0,
2019-06-01 11:50:30 -0700, 7959,  110,-Infinity,-15,15,NaN,4530,19138,300234067161910, 3.3,  37.226,-120.251,62,127, 35820,Sat Jun 01 2019 11:50:30 GMT-0700 (Pacific Daylight Time),1559415030000,2019-06-01 11:50:34 -0700,0,
2019-06-01 11:47:08 -0700, 7500,  110,-Infinity,-10,10,NaN,4328,19137,300234067161910, 5.5,  37.226,-120.251,62,126, 38260,Sat Jun 01 2019 11:47:08 GMT-0700 (Pacific Daylight Time),1559414828000,2019-06-01 11:47:11 -0700,0,
2019-06-01 11:41:15 -0700, 6709,  110,-Infinity,-10,10,NaN,3975,19136,300234067161910, 8.6,  37.226,-120.251,62,125, 42779,Sat Jun 01 2019 11:41:15 GMT-0700 (Pacific Daylight Time),1559414475000,2019-06-01 11:41:19 -0700,0,
2019-06-01 11:33:06 -0700, 5972,  110,-Infinity,-5,5,NaN,3486,19135,300234067161910,11.6,  37.226,-120.251,62,124, 47371,Sat Jun 01 2019 11:33:06 GMT-0700 (Pacific Daylight Time),1559413986000,2019-06-01 11:33:11 -0700,0,
2019-06-01 11:25:50 -0700, 5393,  110,-Infinity,-5,5,NaN,3050,19134,300234067161910,13.6,  37.226,-120.251,62,123, 51248,Sat Jun 01 2019 11:25:50 GMT-0700 (Pacific Daylight Time),1559413550000,2019-06-01 11:25:55 -0700,0,
2019-06-01 11:21:50 -0700, 5018,  110,-Infinity,-5,5,NaN,2810,19133,300234067161910,15.4,  37.226,-120.251,62,122, 53898,Sat Jun 01 2019 11:21:50 GMT-0700 (Pacific Daylight Time),1559413310000,2019-06-01 11:21:54 -0700,0,
2019-06-01 11:18:00 -0700, 4590,  110,-Infinity,-5,5,NaN,2580,19132,300234067161910,18.0,  37.226,-120.251,62,121, 57053,Sat Jun 01 2019 11:18:00 GMT-0700 (Pacific Daylight Time),1559413080000,2019-06-01 11:18:03 -0700,0,
2019-06-01 11:14:03 -0700, 4170,  110,NaN,0,0,NaN,2343,19131,300234067161910,20.5,  37.226,-120.251,62,120, 60289,Sat Jun 01 2019 11:14:03 GMT-0700 (Pacific Daylight Time),1559412843000,2019-06-01 11:14:07 -0700,0,
2019-06-01 11:08:29 -0700, 3600,  110,NaN,0,0,NaN,2009,19130,300234067161910,23.8,  37.226,-120.251,62,119, 64929,Sat Jun 01 2019 11:08:29 GMT-0700 (Pacific Daylight Time),1559412509000,2019-06-01 11:08:35 -0700,0,
2019-06-01 11:05:13 -0700, 3287,  110,NaN,0,0,NaN,1813,19129,300234067161910,24.9,  37.226,-120.251,62,118, 67589,Sat Jun 01 2019 11:05:13 GMT-0700 (Pacific Daylight Time),1559412313000,2019-06-01 11:05:19 -0700,0,
2019-06-01 11:00:07 -0700, 2798,  110,NaN,0,0,NaN,1507,19128,300234067161910,26.8,  37.226,-120.251,62,117, 71936,Sat Jun 01 2019 11:00:07 GMT-0700 (Pacific Daylight Time),1559412007000,2019-06-01 11:00:19 -0700,0,
2019-06-01 10:54:59 -0700, 2244,  110,NaN,0,0,NaN,1199,19127,300234067161910,29.5,  37.226,-120.251,62,116, 77118,Sat Jun 01 2019 10:54:59 GMT-0700 (Pacific Daylight Time),1559411699000,2019-06-01 10:55:19 -0700,0,
2019-06-01 10:50:49 -0700, 1867,  110,NaN,0,0,NaN,949,19126,300234067161910,30.6,  37.226,-120.251,62,115, 80825,Sat Jun 01 2019 10:50:49 GMT-0700 (Pacific Daylight Time),1559411449000,2019-06-01 10:50:51 -0700,0,
2019-06-01 10:46:33 -0700, 1329,  110,NaN,0,0,NaN,693,19125,300234067161910,31.6,  37.226,-120.251,62,114, 86347,Sat Jun 01 2019 10:46:33 GMT-0700 (Pacific Daylight Time),1559411193000,2019-06-01 10:46:39 -0700,0,
2019-06-01 10:35:55 -0700,  257,  110,NaN,0,0,NaN,55,19124,300234067161910,33.8,  37.226,-120.251,62,113, 98275,Sat Jun 01 2019 10:35:55 GMT-0700 (Pacific Daylight Time),1559410555000,2019-06-01 10:35:59 -0700,0,
2019-06-01 10:31:03 -0700,  144,  110,NaN,0,0,NaN,-237,19123,300234067161910,33.6,  37.226,-120.251,62,112, 99610,Sat Jun 01 2019 10:31:03 GMT-0700 (Pacific Daylight Time),1559410263000,2019-06-01 10:31:07 -0700,0,
2019-06-01 10:26:53 -0700,  145,  110,NaN,0,0,NaN,-487,19122,300234067161910,34.1,  37.226,-120.251,62,111, 99600,Sat Jun 01 2019 10:26:53 GMT-0700 (Pacific Daylight Time),1559410013000,2019-06-01 10:26:59 -0700,0,
2019-06-01 10:22:40 -0700,  109,  110,NaN,0,0,NaN,-740,19121,300234067161910,34.7,  37.226,-120.251,62,110,100020,Sat Jun 01 2019 10:22:40 GMT-0700 (Pacific Daylight Time),1559409760000,2019-06-01 10:22:43 -0700,0,
2019-06-01 10:18:20 -0700,   95,  110,NaN,0,0,NaN,-1000,19120,300234067161910,34.9,  37.226,-120.251,62,109,100183,Sat Jun 01 2019 10:18:20 GMT-0700 (Pacific Daylight Time),1559409500000,2019-06-01 10:18:23 -0700,0,
2019-06-01 10:14:09 -0700,   94,  110,NaN,0,0,NaN,-1251,19119,300234067161910,35.0,  37.226,-120.251,62,108,100200,Sat Jun 01 2019 10:14:09 GMT-0700 (Pacific Daylight Time),1559409249000,2019-06-01 10:14:11 -0700,0,
2019-06-01 10:09:53 -0700,   95,  110,NaN,0,0,NaN,-1507,19118,300234067161910,35.4,  37.226,-120.251,62,107,100195,Sat Jun 01 2019 10:09:53 GMT-0700 (Pacific Daylight Time),1559408993000,2019-06-01 10:09:54 -0700,0,
2019-06-01 10:08:13 -0700,   94,  110,NaN,0,0,NaN,-1607,19115,300234067161910,35.4,  37.226,-120.251,62,106,100199,Sat Jun 01 2019 10:08:13 GMT-0700 (Pacific Daylight Time),1559408893000,2019-06-01 10:08:19 -0700,0,
2019-06-01 10:06:51 -0700,   93,  110,NaN,0,0,NaN,-1689,19114,300234067161910,35.5,  37.226,-120.251,62,104,100208,Sat Jun 01 2019 10:06:51 GMT-0700 (Pacific Daylight Time),1559408811000,2019-06-01 10:08:08 -0700,0,
2019-06-01 10:05:26 -0700,   93,  110,NaN,0,0,NaN,-1774,19113,300234067161910,35.5,  37.226,-120.251,62,102,100212,Sat Jun 01 2019 10:05:26 GMT-0700 (Pacific Daylight Time),1559408726000,2019-06-01 10:05:31 -0700,0,
2019-06-01 10:04:30 -0700,   93,  110,NaN,0,0,NaN,-1830,19112,300234067161910,35.5,  37.226,-120.251,62,101,100218,Sat Jun 01 2019 10:04:30 GMT-0700 (Pacific Daylight Time),1559408670000,2019-06-01 10:04:35 -0700,0,
2019-06-01 10:03:50 -0700,   93,  110,NaN,0,0,NaN,-1870,19111,300234067161910,35.5,  37.226,-120.251,62,100,100210,Sat Jun 01 2019 10:03:50 GMT-0700 (Pacific Daylight Time),1559408630000,2019-06-01 10:03:54 -0700,0,
2019-06-01 10:03:08 -0700,   93,  110,NaN,0,0,NaN,-1912,19110,300234067161910,35.6,  37.226,-120.251,62,99,100208,Sat Jun 01 2019 10:03:08 GMT-0700 (Pacific Daylight Time),1559408588000,2019-06-01 10:03:10 -0700,0,
2019-06-01 10:02:29 -0700,   94,  110,NaN,0,0,NaN,-1951,19109,300234067161910,35.7,  37.226,-120.251,62,98,100204,Sat Jun 01 2019 10:02:29 GMT-0700 (Pacific Daylight Time),1559408549000,2019-06-01 10:02:31 -0700,0,
2019-06-01 10:01:47 -0700,   94,  110,NaN,0,0,NaN,-1993,19108,300234067161910,35.9,  37.226,-120.251,62,97,100204,Sat Jun 01 2019 10:01:47 GMT-0700 (Pacific Daylight Time),1559408507000,2019-06-01 10:01:51 -0700,0,
2019-06-01 10:01:03 -0700,   94,  110,NaN,0,0,NaN,-2037,19107,300234067161910,36.1,  37.226,-120.251,62,96,100206,Sat Jun 01 2019 10:01:03 GMT-0700 (Pacific Daylight Time),1559408463000,2019-06-01 10:01:27 -0700,0,
2019-06-01 09:59:48 -0700,   93,  110,NaN,0,0,NaN,-2112,19106,300234067161910,36.7,  37.226,-120.251,62,95,100208,Sat Jun 01 2019 09:59:48 GMT-0700 (Pacific Daylight Time),1559408388000,2019-06-01 09:59:50 -0700,0,
2019-06-01 09:59:04 -0700,   93,  110,NaN,0,0,NaN,-2156,19104,300234067161910,37.0,  37.226,-120.251,62,94,100211,Sat Jun 01 2019 09:59:04 GMT-0700 (Pacific Daylight Time),1559408344000,2019-06-01 09:59:07 -0700,0,
2019-06-01 09:58:22 -0700,   93,  110,NaN,0,0,NaN,-2198,19103,300234067161910,38.0,  37.226,-120.251,62,93,100213,Sat Jun 01 2019 09:58:22 GMT-0700 (Pacific Daylight Time),1559408302000,2019-06-01 09:58:27 -0700,0,
2019-06-01 09:56:48 -0700,   93,  110,NaN,0,0,NaN,-2292,19102,300234067161910,38.9,  37.226,-120.251,62,92,100214,Sat Jun 01 2019 09:56:48 GMT-0700 (Pacific Daylight Time),1559408208000,2019-06-01 09:56:50 -0700,0,
2019-06-01 09:55:58 -0700,   93,  110,NaN,0,0,NaN,-2342,19101,300234067161910,39.7,  37.226,-120.251,62,91,100216,Sat Jun 01 2019 09:55:58 GMT-0700 (Pacific Daylight Time),1559408158000,2019-06-01 09:56:02 -0700,0,
2019-06-01 09:55:19 -0700,   88,  110,NaN,0,0,NaN,-2381,19100,300234067161910,40.7,  37.226,-120.251,62,90,100276,Sat Jun 01 2019 09:55:19 GMT-0700 (Pacific Daylight Time),1559408119000,2019-06-01 09:55:22 -0700,0,
2019-06-01 09:54:39 -0700,   87,  110,NaN,0,0,NaN,-2421,19099,300234067161910,41.1,  37.226,-120.251,62,89,100286,Sat Jun 01 2019 09:54:39 GMT-0700 (Pacific Daylight Time),1559408079000,2019-06-01 09:54:42 -0700,0,
2019-06-01 09:54:01 -0700,   91,  110,NaN,0,0,NaN,-2459,19098,300234067161910,42.0,  37.226,-120.251,62,88,100235,Sat Jun 01 2019 09:54:01 GMT-0700 (Pacific Daylight Time),1559408041000,2019-06-01 09:54:02 -0700,0,
2019-06-01 09:53:16 -0700,   92,  110,NaN,0,0,NaN,-2504,19097,300234067161910,43.2,  37.226,-120.251,62,87,100226,Sat Jun 01 2019 09:53:16 GMT-0700 (Pacific Daylight Time),1559407996000,2019-06-01 09:53:18 -0700,0,
2019-06-01 09:52:27 -0700,   50,  110,NaN,0,0,NaN,-2553,19096,300234067161910,44.5,  37.226,-120.251,62,86,100730,Sat Jun 01 2019 09:52:27 GMT-0700 (Pacific Daylight Time),1559407947000,2019-06-01 09:52:30 -0700,0,
2019-06-01 09:51:44 -0700,   92,  110,NaN,0,0,NaN,-2596,19095,300234067161910,45.8,  37.226,-120.251,62,85,100230,Sat Jun 01 2019 09:51:44 GMT-0700 (Pacific Daylight Time),1559407904000,2019-06-01 09:51:47 -0700,0,
2019-06-01 09:50:52 -0700,   91,  110,NaN,0,0,NaN,-2648,19094,300234067161910,45.3,  37.226,-120.251,62,84,100235,Sat Jun 01 2019 09:50:52 GMT-0700 (Pacific Daylight Time),1559407852000,2019-06-01 09:50:54 -0700,0,
2019-06-01 09:50:07 -0700,   51,  110,NaN,0,0,NaN,-2693,19093,300234067161910,45.1,  37.226,-120.251,62,83,100720,Sat Jun 01 2019 09:50:07 GMT-0700 (Pacific Daylight Time),1559407807000,2019-06-01 09:50:10 -0700,0,
2019-06-01 09:49:24 -0700,   91,  110,NaN,0,0,NaN,-2736,19092,300234067161910,44.5,  37.226,-120.251,62,82,100241,Sat Jun 01 2019 09:49:24 GMT-0700 (Pacific Daylight Time),1559407764000,2019-06-01 09:49:26 -0700,0,
2019-06-01 09:48:42 -0700,   38,  110,NaN,0,0,NaN,-2778,19091,300234067161910,44.7,  37.226,-120.251,62,81,100869,Sat Jun 01 2019 09:48:42 GMT-0700 (Pacific Daylight Time),1559407722000,2019-06-01 09:48:46 -0700,0,
2019-06-01 09:48:01 -0700,   35,  110,NaN,0,0,NaN,-2819,19090,300234067161910,45.5,  37.226,-120.251,62,80,100906,Sat Jun 01 2019 09:48:01 GMT-0700 (Pacific Daylight Time),1559407681000,2019-06-01 09:48:07 -0700,0,
2019-06-01 09:47:21 -0700,   48,  110,NaN,0,0,NaN,-2859,19089,300234067161910,44.2,  37.226,-120.251,62,79,100752,Sat Jun 01 2019 09:47:21 GMT-0700 (Pacific Daylight Time),1559407641000,2019-06-01 09:47:27 -0700,0,
2019-06-01 09:46:39 -0700,   43,  110,NaN,0,0,NaN,-2901,19088,300234067161910,42.3,  37.226,-120.251,62,78,100804,Sat Jun 01 2019 09:46:39 GMT-0700 (Pacific Daylight Time),1559407599000,2019-06-01 09:46:42 -0700,0,
2019-06-01 09:45:58 -0700,   39,  110,NaN,0,0,NaN,-2942,19087,300234067161910,39.9,  37.226,-120.251,62,77,100860,Sat Jun 01 2019 09:45:58 GMT-0700 (Pacific Daylight Time),1559407558000,2019-06-01 09:46:03 -0700,0,
2019-06-01 09:45:16 -0700,   91,  110,NaN,0,0,NaN,-2984,19086,300234067161910,39.3,  37.226,-120.251,62,76,100242,Sat Jun 01 2019 09:45:16 GMT-0700 (Pacific Daylight Time),1559407516000,2019-06-01 09:45:23 -0700,0,
2019-06-01 09:44:34 -0700,   91,  110,NaN,0,0,NaN,-3026,19085,300234067161910,40.5,  37.226,-120.251,62,75,100231,Sat Jun 01 2019 09:44:34 GMT-0700 (Pacific Daylight Time),1559407474000,2019-06-01 09:44:38 -0700,0,
2019-06-01 09:43:45 -0700,   91,  110,NaN,0,0,NaN,-3075,19084,300234067161910,43.8,  37.226,-120.251,62,74,100235,Sat Jun 01 2019 09:43:45 GMT-0700 (Pacific Daylight Time),1559407425000,2019-06-01 09:43:46 -0700,0,
2019-06-01 09:42:12 -0700,   36,  110,NaN,0,0,NaN,-3168,19083,300234067161910,45.9,  37.226,-120.251,62,73,100891,Sat Jun 01 2019 09:42:12 GMT-0700 (Pacific Daylight Time),1559407332000,2019-06-01 09:42:14 -0700,0,
2019-06-01 09:41:29 -0700,   47,  110,NaN,0,0,NaN,-3211,19082,300234067161910,44.8,  37.226,-120.251,62,72,100767,Sat Jun 01 2019 09:41:29 GMT-0700 (Pacific Daylight Time),1559407289000,2019-06-01 09:41:30 -0700,0,
2019-06-01 09:40:42 -0700,   53,  110,NaN,0,0,NaN,-3258,19081,300234067161910,43.5,  37.226,-120.251,62,71,100684,Sat Jun 01 2019 09:40:42 GMT-0700 (Pacific Daylight Time),1559407242000,2019-06-01 09:40:46 -0700,0,
2019-06-01 09:40:00 -0700,   43,  110,NaN,0,0,NaN,-3300,19080,300234067161910,41.2,  37.226,-120.251,62,70,100806,Sat Jun 01 2019 09:40:00 GMT-0700 (Pacific Daylight Time),1559407200000,2019-06-01 09:40:02 -0700,0,
2019-06-01 09:39:19 -0700,   52,  110,NaN,0,0,NaN,-3341,19079,300234067161910,39.5,  37.226,-120.251,62,69,100698,Sat Jun 01 2019 09:39:19 GMT-0700 (Pacific Daylight Time),1559407159000,2019-06-01 09:39:22 -0700,0,
2019-06-01 09:38:01 -0700,   71,  110,NaN,0,0,NaN,-3419,19078,300234067161910,38.0,  37.226,-120.251,62,68,100474,Sat Jun 01 2019 09:38:01 GMT-0700 (Pacific Daylight Time),1559407081000,2019-06-01 09:38:06 -0700,0,
2019-06-01 09:37:29 -0700,   91,  110,NaN,0,0,NaN,-3451,19077,300234067161910,36.4,  37.226,-120.251,62,67,100241,Sat Jun 01 2019 09:37:29 GMT-0700 (Pacific Daylight Time),1559407049000,2019-06-01 09:37:30 -0700,0,
2019-06-01 09:36:43 -0700,   90,  110,NaN,0,0,NaN,-3497,19076,300234067161910,38.1,  37.226,-120.251,62,66,100251,Sat Jun 01 2019 09:36:43 GMT-0700 (Pacific Daylight Time),1559407003000,2019-06-01 09:36:47 -0700,0,
2019-06-01 09:35:10 -0700,   40,  110,NaN,0,0,NaN,-3590,19075,300234067161910,36.5,  37.226,-120.251,62,65,100841,Sat Jun 01 2019 09:35:10 GMT-0700 (Pacific Daylight Time),1559406910000,2019-06-01 09:35:14 -0700,0,
2019-06-01 09:34:26 -0700,   89,  110,NaN,0,0,NaN,-3634,19074,300234067161910,33.5,  37.226,-120.251,62,64,100258,Sat Jun 01 2019 09:34:26 GMT-0700 (Pacific Daylight Time),1559406866000,2019-06-01 09:34:30 -0700,0,
2019-06-01 09:33:43 -0700,   89,  111,NaN,0,0,NaN,-3677,19073,300234067161910,33.2,  37.226,-120.251,62,63,100263,Sat Jun 01 2019 09:33:43 GMT-0700 (Pacific Daylight Time),1559406823000,2019-06-01 09:33:46 -0700,0,
2019-06-01 09:32:49 -0700,   90,  112,NaN,0,0,NaN,-3731,19072,300234067161910,32.9,  37.226,-120.251,62,62,100249,Sat Jun 01 2019 09:32:49 GMT-0700 (Pacific Daylight Time),1559406769000,2019-06-01 09:32:50 -0700,0,
2019-06-01 09:32:05 -0700,   90,  131,NaN,0,0,NaN,-3775,19071,300234067161910,32.7,  37.226,-120.251,62,61,100252,Sat Jun 01 2019 09:32:05 GMT-0700 (Pacific Daylight Time),1559406725000,2019-06-01 09:32:06 -0700,0,
2019-06-01 09:31:22 -0700,   89,   69,NaN,0,0,NaN,-3818,19070,300234067161910,32.5,  37.226,-120.251,62,60,100264,Sat Jun 01 2019 09:31:22 GMT-0700 (Pacific Daylight Time),1559406682000,2019-06-01 09:31:27 -0700,0,
2019-06-01 09:30:41 -0700,   90,   69,NaN,0,0,NaN,-3859,19069,300234067161910,32.2,  37.226,-120.251,62,59,100248,Sat Jun 01 2019 09:30:41 GMT-0700 (Pacific Daylight Time),1559406641000,2019-06-01 09:30:46 -0700,0,
2019-06-01 09:29:56 -0700,   91,   69,NaN,0,0,NaN,-3904,19068,300234067161910,32.2,  37.226,-120.251,62,58,100237,Sat Jun 01 2019 09:29:56 GMT-0700 (Pacific Daylight Time),1559406596000,2019-06-01 09:29:58 -0700,0,
2019-06-01 09:29:14 -0700,   91,   69,NaN,0,0,NaN,-3946,19067,300234067161910,32.3,  37.226,-120.251,62,57,100238,Sat Jun 01 2019 09:29:14 GMT-0700 (Pacific Daylight Time),1559406554000,2019-06-01 09:29:18 -0700,0,
2019-06-01 09:27:52 -0700,   90,  225,NaN,0,0,NaN,-4028,19066,300234067161910,31.8,  37.228,-120.250,62,56,100253,Sat Jun 01 2019 09:27:52 GMT-0700 (Pacific Daylight Time),1559406472000,2019-06-01 09:27:55 -0700,0,
2019-06-01 09:27:14 -0700,   90,   76,NaN,0,0,NaN,-4066,19065,300234067161910,30.2,  37.226,-120.251,62,55,100254,Sat Jun 01 2019 09:27:14 GMT-0700 (Pacific Daylight Time),1559406434000,2019-06-01 09:27:18 -0700,0,
2019-06-01 09:24:12 -0700,   91,   76,NaN,0,0,NaN,-4248,19064,300234067161910,30.2,  37.226,-120.251,62,54,100238,Sat Jun 01 2019 09:24:12 GMT-0700 (Pacific Daylight Time),1559406252000,2019-06-01 09:24:15 -0700,0,
2019-06-01 09:23:29 -0700,   90,   76,NaN,0,0,NaN,-4291,19063,300234067161910,30.3,  37.226,-120.251,62,53,100244,Sat Jun 01 2019 09:23:29 GMT-0700 (Pacific Daylight Time),1559406209000,2019-06-01 09:23:34 -0700,0,
2019-06-01 09:22:47 -0700,   88,   78,NaN,0,0,NaN,-4333,19062,300234067161910,29.9,  37.226,-120.251,62,52,100269,Sat Jun 01 2019 09:22:47 GMT-0700 (Pacific Daylight Time),1559406167000,2019-06-01 09:22:51 -0700,0,
2019-06-01 09:22:03 -0700,   90,   87,NaN,0,0,NaN,-4377,19061,300234067161910,29.8,  37.226,-120.251,62,51,100243,Sat Jun 01 2019 09:22:03 GMT-0700 (Pacific Daylight Time),1559406123000,2019-06-01 09:22:07 -0700,0,
2019-06-01 09:21:20 -0700,   87,   97,NaN,0,0,NaN,-4420,19060,300234067161910,28.3,  37.226,-120.251,62,50,100279,Sat Jun 01 2019 09:21:20 GMT-0700 (Pacific Daylight Time),1559406080000,2019-06-01 09:21:22 -0700,0,
2019-06-01 09:19:45 -0700,   89,  163,NaN,0,0,NaN,-4515,19059,300234067161910,27.7,  37.225,-120.251,62,49,100263,Sat Jun 01 2019 09:19:45 GMT-0700 (Pacific Daylight Time),1559405985000,2019-06-01 09:19:51 -0700,0,
2019-06-01 09:19:06 -0700,   89,1000000,NaN,0,0,NaN,-4554,19058,300234067161910,26.8,1000.000,1000.000,62,48,100265,Sat Jun 01 2019 09:19:06 GMT-0700 (Pacific Daylight Time),1559405946000,2019-06-01 09:19:11 -0700,0,
2019-05-31 23:22:51 -0700,   23,   30,-Infinity,-5,5,NaN,-40329,19057,300234067161910,20.9,  37.428,-122.175,62,47,101045,Fri May 31 2019 23:22:51 GMT-0700 (Pacific Daylight Time),1559370171000,2019-05-31 23:22:55 -0700,5,
2019-05-31 23:20:27 -0700,   22,   39,NaN,0,0,NaN,-40473,19056,300234067161910,22.0,  37.428,-122.175,62,46,101063,Fri May 31 2019 23:20:27 GMT-0700 (Pacific Daylight Time),1559370027000,2019-05-31 23:20:31 -0700,0,
2019-05-31 23:15:05 -0700,   23,1000000,NaN,0,0,NaN,-40795,19055,300234067161910,23.6,  37.428,-122.175,62,45,101054,Fri May 31 2019 23:15:05 GMT-0700 (Pacific Daylight Time),1559369705000,2019-05-31 23:15:07 -0700,0,
2019-05-31 23:14:23 -0700,   23,1000000,NaN,0,0,NaN,-40837,19054,300234067161910,24.0,1000.000,1000.000,62,44,101053,Fri May 31 2019 23:14:23 GMT-0700 (Pacific Daylight Time),1559369663000,2019-05-31 23:14:27 -0700,0,
2019-05-31 23:13:44 -0700,   23,1000000,NaN,0,0,NaN,-40876,19053,300234067161910,24.3,1000.000,1000.000,62,43,101052,Fri May 31 2019 23:13:44 GMT-0700 (Pacific Daylight Time),1559369624000,2019-05-31 23:13:47 -0700,0,
2019-05-29 02:04:36 -0700,   19,   31,-Infinity,-15,15,NaN,-289824,19052,300234067161910,14.4,  37.426,-122.180,62,42,101093,Wed May 29 2019 02:04:36 GMT-0700 (Pacific Daylight Time),1559120676000,2019-05-29 02:04:39 -0700,15,
2019-05-29 01:54:28 -0700,   20,   40,NaN,0,0,NaN,-290432,19051,300234067161910,14.5,  37.426,-122.180,62,41,101091,Wed May 29 2019 01:54:28 GMT-0700 (Pacific Daylight Time),1559120068000,2019-05-29 01:54:31 -0700,0,
2019-05-29 01:46:08 -0700,   20,   40,NaN,0,0,NaN,-290932,19050,300234067161910,14.6,  37.426,-122.180,62,40,101088,Wed May 29 2019 01:46:08 GMT-0700 (Pacific Daylight Time),1559119568000,2019-05-29 01:46:11 -0700,0,
2019-05-29 01:45:24 -0700,   19,   40,NaN,0,0,NaN,-290976,19049,300234067161910,14.5,  37.426,-122.180,62,39,101092,Wed May 29 2019 01:45:24 GMT-0700 (Pacific Daylight Time),1559119524000,2019-05-29 01:45:27 -0700,0,
2019-05-29 01:36:10 -0700,   20,   47,NaN,0,0,NaN,-291530,19048,300234067161910,14.4,  37.426,-122.180,62,38,101086,Wed May 29 2019 01:36:10 GMT-0700 (Pacific Daylight Time),1559118970000,2019-05-29 01:36:14 -0700,0,
2019-05-29 01:30:29 -0700,   20,   47,NaN,0,0,NaN,-291871,19047,300234067161910,14.3,  37.426,-122.180,62,37,101086,Wed May 29 2019 01:30:29 GMT-0700 (Pacific Daylight Time),1559118629000,2019-05-29 01:30:35 -0700,0,
2019-05-29 01:29:08 -0700,   19,   47,NaN,0,0,NaN,-291952,19046,300234067161910,14.1,  37.426,-122.180,62,36,101091,Wed May 29 2019 01:29:08 GMT-0700 (Pacific Daylight Time),1559118548000,2019-05-29 01:29:10 -0700,0,
2019-05-29 01:25:15 -0700,   19,   39,-Infinity,-303,303,NaN,-292185,19045,300234067161910,14.2,  37.426,-122.180,62,35,101094,Wed May 29 2019 01:25:15 GMT-0700 (Pacific Daylight Time),1559118315000,2019-05-29 01:25:19 -0700,231,
2019-05-29 01:17:06 -0700,   19,   39,-Infinity,-303,303,NaN,-292674,19044,300234067161910,13.9,  37.426,-122.180,62,34,101102,Wed May 29 2019 01:17:06 GMT-0700 (Pacific Daylight Time),1559117826000,2019-05-29 01:17:11 -0700,231,
2019-05-29 01:08:40 -0700,   18,   39,-Infinity,-303,303,NaN,-293180,19043,300234067161910,14.1,  37.426,-122.180,62,33,101112,Wed May 29 2019 01:08:40 GMT-0700 (Pacific Daylight Time),1559117320000,2019-05-29 01:08:43 -0700,231,
2019-05-29 01:04:30 -0700,   17,   39,-Infinity,-303,303,NaN,-293430,19042,300234067161910,14.0,  37.426,-122.180,62,32,101120,Wed May 29 2019 01:04:30 GMT-0700 (Pacific Daylight Time),1559117070000,2019-05-29 01:04:35 -0700,231,
2019-05-29 00:59:32 -0700,   16,   40,-Infinity,-303,303,NaN,-293728,19041,300234067161910,13.9,  37.426,-122.180,62,31,101133,Wed May 29 2019 00:59:32 GMT-0700 (Pacific Daylight Time),1559116772000,2019-05-29 00:59:34 -0700,231,
2019-05-29 00:53:03 -0700,   16,   35,-Infinity,-303,303,NaN,-294117,19040,300234067161910,13.9,  37.426,-122.180,62,30,101138,Wed May 29 2019 00:53:03 GMT-0700 (Pacific Daylight Time),1559116383000,2019-05-29 00:53:07 -0700,231,
2019-05-29 00:46:31 -0700,   15,   32,-Infinity,-303,303,NaN,-294509,19039,300234067161910,14.2,  37.426,-122.180,62,29,101143,Wed May 29 2019 00:46:31 GMT-0700 (Pacific Daylight Time),1559115991000,2019-05-29 00:46:35 -0700,231,
2019-05-29 00:39:46 -0700,   16,   31,-Infinity,-303,303,NaN,-294914,19038,300234067161910,14.3,  37.426,-122.180,62,28,101138,Wed May 29 2019 00:39:46 GMT-0700 (Pacific Daylight Time),1559115586000,2019-05-29 00:39:51 -0700,231,
2019-05-29 00:35:34 -0700,   15,   31,-Infinity,-303,303,NaN,-295166,19037,300234067161910,14.4,  37.426,-122.180,62,27,101145,Wed May 29 2019 00:35:34 GMT-0700 (Pacific Daylight Time),1559115334000,2019-05-29 00:35:39 -0700,231,
2019-05-29 00:31:23 -0700,   15,   30,-Infinity,-303,303,NaN,-295417,19036,300234067161910,14.5,  37.426,-122.180,62,26,101142,Wed May 29 2019 00:31:23 GMT-0700 (Pacific Daylight Time),1559115083000,2019-05-29 00:31:27 -0700,231,
2019-05-29 00:27:11 -0700,   16,   29,-Infinity,-303,303,NaN,-295669,19035,300234067161910,14.3,  37.426,-122.180,62,25,101137,Wed May 29 2019 00:27:11 GMT-0700 (Pacific Daylight Time),1559114831000,2019-05-29 00:27:15 -0700,231,
2019-05-29 00:22:20 -0700,   16,   29,-Infinity,-303,303,NaN,-295960,19034,300234067161910,14.6,  37.426,-122.180,62,24,101137,Wed May 29 2019 00:22:20 GMT-0700 (Pacific Daylight Time),1559114540000,2019-05-29 00:22:23 -0700,231,
2019-05-29 00:17:37 -0700,   16,   29,-Infinity,-303,303,NaN,-296243,19033,300234067161910,14.6,  37.426,-122.180,62,23,101129,Wed May 29 2019 00:17:37 GMT-0700 (Pacific Daylight Time),1559114257000,2019-05-29 00:17:39 -0700,231,
2019-05-29 00:11:32 -0700,   15,   28,-Infinity,-232,232,NaN,-296608,19032,300234067161910,14.3,  37.426,-122.180,62,22,101140,Wed May 29 2019 00:11:32 GMT-0700 (Pacific Daylight Time),1559113892000,2019-05-29 00:11:35 -0700,213,
2019-05-29 00:07:13 -0700,   15,   28,-Infinity,-232,232,NaN,-296867,19031,300234067161910,14.6,  37.426,-122.180,62,21,101144,Wed May 29 2019 00:07:13 GMT-0700 (Pacific Daylight Time),1559113633000,2019-05-29 00:07:15 -0700,213,
2019-05-29 00:02:57 -0700,   15,   28,-Infinity,-231,231,NaN,-297123,19030,300234067161910,14.6,  37.426,-122.180,62,20,101145,Wed May 29 2019 00:02:57 GMT-0700 (Pacific Daylight Time),1559113377000,2019-05-29 00:02:59 -0700,211,
2019-05-28 23:58:43 -0700,   15,   28,-Infinity,-231,231,NaN,-297377,19029,300234067161910,14.6,  37.426,-122.180,62,19,101144,Tue May 28 2019 23:58:43 GMT-0700 (Pacific Daylight Time),1559113123000,2019-05-28 23:58:46 -0700,211,
2019-05-28 23:54:24 -0700,   15,   28,-Infinity,-211,211,NaN,-297636,19028,300234067161910,14.6,  37.426,-122.180,62,18,101144,Tue May 28 2019 23:54:24 GMT-0700 (Pacific Daylight Time),1559112864000,2019-05-28 23:54:27 -0700,130,
2019-05-28 23:49:32 -0700,   15,   29,-Infinity,-211,211,NaN,-297928,19027,300234067161910,14.5,  37.426,-122.180,62,17,101142,Tue May 28 2019 23:49:32 GMT-0700 (Pacific Daylight Time),1559112572000,2019-05-28 23:49:35 -0700,130,
2019-05-28 23:41:18 -0700,   14,   29,-Infinity,-211,211,NaN,-298422,19026,300234067161910,14.7,  37.426,-122.180,62,16,101157,Tue May 28 2019 23:41:18 GMT-0700 (Pacific Daylight Time),1559112078000,2019-05-28 23:41:23 -0700,130,
2019-05-28 23:31:27 -0700,   14,   28,-Infinity,-111,111,NaN,-299013,19025,300234067161910,14.8,  37.426,-122.180,62,15,101162,Tue May 28 2019 23:31:27 GMT-0700 (Pacific Daylight Time),1559111487000,2019-05-28 23:31:31 -0700,30,
2019-05-28 23:25:34 -0700,   14,   29,-Infinity,-111,111,NaN,-299366,19024,300234067161910,14.9,  37.426,-122.180,62,14,101156,Tue May 28 2019 23:25:34 GMT-0700 (Pacific Daylight Time),1559111134000,2019-05-28 23:25:39 -0700,30,
2019-05-28 23:14:37 -0700,   13,   29,-Infinity,-23,23,NaN,-300023,19023,300234067161910,14.7,  37.426,-122.180,62,13,101168,Tue May 28 2019 23:14:37 GMT-0700 (Pacific Daylight Time),1559110477000,2019-05-28 23:14:42 -0700,2,
2019-05-28 23:09:48 -0700,   13,   29,-Infinity,-23,23,NaN,-300312,19022,300234067161910,15.2,  37.426,-122.180,62,12,101173,Tue May 28 2019 23:09:48 GMT-0700 (Pacific Daylight Time),1559110188000,2019-05-28 23:09:51 -0700,2,
2019-05-28 23:05:27 -0700,   12,   29,-Infinity,-22,22,NaN,-300573,19021,300234067161910,15.4,  37.426,-122.180,62,11,101179,Tue May 28 2019 23:05:27 GMT-0700 (Pacific Daylight Time),1559109927000,2019-05-28 23:05:31 -0700,0,
2019-05-28 22:56:55 -0700,   12,   24,-Infinity,-22,22,NaN,-301085,19020,300234067161910,15.4,  37.426,-122.180,62,10,101178,Tue May 28 2019 22:56:55 GMT-0700 (Pacific Daylight Time),1559109415000,2019-05-28 22:56:59 -0700,0,
2019-05-28 22:51:58 -0700,   11,   26,NaN,0,0,NaN,-301382,19019,300234067161910,15.5,  37.426,-122.180,62,9,101187,Tue May 28 2019 22:51:58 GMT-0700 (Pacific Daylight Time),1559109118000,2019-05-28 22:52:03 -0700,0,
2019-05-28 22:47:48 -0700,   12,   18,NaN,0,0,NaN,-301632,19018,300234067161910,16.0,  37.426,-122.180,62,8,101185,Tue May 28 2019 22:47:48 GMT-0700 (Pacific Daylight Time),1559108868000,2019-05-28 22:47:51 -0700,0,
2019-05-28 22:42:23 -0700,   12,   18,NaN,0,0,NaN,-301957,19017,300234067161910,16.2,  37.426,-122.180,62,7,101187,Tue May 28 2019 22:42:23 GMT-0700 (Pacific Daylight Time),1559108543000,2019-05-28 22:42:27 -0700,0,
2019-05-28 22:35:38 -0700,   12,   16,NaN,0,0,NaN,-302362,19016,300234067161910,17.0,  37.426,-122.180,62,6,101175,Tue May 28 2019 22:35:38 GMT-0700 (Pacific Daylight Time),1559108138000,2019-05-28 22:35:43 -0700,0,
2019-05-28 22:31:27 -0700,   13,1000000,NaN,0,0,NaN,-302613,19015,300234067161910,19.5,1000.000,1000.000,62,5,101169,Tue May 28 2019 22:31:27 GMT-0700 (Pacific Daylight Time),1559107887000,2019-05-28 22:31:31 -0700,0,
