Human Time,altitude_barometer,altitude_gps,ascentRate,ballastPercent,ballastRemaining,ballast_time,batteryPercent,direction,flightTime,groundSpeed,id,imei,internal_temp,latitude,longitude,mission,momsn,pressure,timestamp,transmit_time,updated_at,vent_time,
2019-10-06 17:44:43 -0700, 1414, 1500,0,NaN,0,0,NaN,SAME POSITION,112183,0,19856,300234067160720,25.2,  37.144,-115.262,66,237, 85460,Sun Oct 06 2019 17:44:43 GMT-0700 (Pacific Daylight Time),1570409083000,2019-10-06 17:44:46 -0700,0,
2019-10-06 17:10:45 -0700, 1412, 1498,0,NaN,0,0,NaN,SAME POSITION,110145,0,19855,300234067160720,26.0,  37.144,-115.262,66,236, 85476,Sun Oct 06 2019 17:10:45 GMT-0700 (Pacific Daylight Time),1570407045000,2019-10-06 17:11:02 -0700,0,
2019-10-06 16:38:31 -0700, 1409, 1498,0,NaN,0,0,NaN,SAME POSITION,108211,0,19854,300234067160720,27.1,  37.144,-115.262,66,235, 85502,Sun Oct 06 2019 16:38:31 GMT-0700 (Pacific Daylight Time),1570405111000,2019-10-06 16:38:34 -0700,0,
2019-10-06 16:06:15 -0700, 1407, 1499,0,NaN,0,0,NaN,SAME POSITION,106275,0,19853,300234067160720,27.4,  37.144,-115.262,66,234, 85525,Sun Oct 06 2019 16:06:15 GMT-0700 (Pacific Daylight Time),1570403175000,2019-10-06 16:06:18 -0700,0,
2019-10-06 15:29:23 -0700, 1404, 1499,0,NaN,0,0,NaN,SAME POSITION,104063,0,19852,300234067160720,27.7,  37.144,-115.262,66,233, 85555,Sun Oct 06 2019 15:29:23 GMT-0700 (Pacific Daylight Time),1570400963000,2019-10-06 15:29:26 -0700,0,
2019-10-06 14:57:09 -0700, 1401, 1498,0,NaN,0,0,NaN,SAME POSITION,102129,0,19851,300234067160720,27.8,  37.144,-115.262,66,232, 85591,Sun Oct 06 2019 14:57:09 GMT-0700 (Pacific Daylight Time),1570399029000,2019-10-06 14:57:14 -0700,0,
2019-10-06 14:24:52 -0700, 1398, 1497,0,NaN,0,0,NaN,SAME POSITION,100192,0,19850,300234067160720,28.1,  37.144,-115.262,66,231, 85620,Sun Oct 06 2019 14:24:52 GMT-0700 (Pacific Daylight Time),1570397092000,2019-10-06 14:24:59 -0700,0,
2019-10-06 13:52:11 -0700, 1394, 1496,0,NaN,0,0,NaN,SAME POSITION,98231,0,19849,300234067160720,28.0,  37.144,-115.262,66,230, 85661,Sun Oct 06 2019 13:52:11 GMT-0700 (Pacific Daylight Time),1570395131000,2019-10-06 13:52:19 -0700,0,
2019-10-06 13:15:37 -0700, 1389, 1496,0,NaN,0,0,NaN,SAME POSITION,96037,0,19848,300234067160720,27.9,  37.144,-115.262,66,229, 85717,Sun Oct 06 2019 13:15:37 GMT-0700 (Pacific Daylight Time),1570392937000,2019-10-06 13:15:42 -0700,0,
2019-10-06 12:43:19 -0700, 1383, 1499,0,NaN,0,0,NaN,SAME POSITION,94099,0,19847,300234067160720,27.8,  37.144,-115.262,66,228, 85781,Sun Oct 06 2019 12:43:19 GMT-0700 (Pacific Daylight Time),1570390999000,2019-10-06 12:43:22 -0700,0,
2019-10-06 12:11:04 -0700, 1381, 1501,0,NaN,0,0,NaN,SAME POSITION,92164,0,19846,300234067160720,27.2,  37.144,-115.262,66,227, 85797,Sun Oct 06 2019 12:11:04 GMT-0700 (Pacific Daylight Time),1570389064000,2019-10-06 12:11:10 -0700,0,
2019-10-06 11:38:52 -0700, 1379, 1500,0,NaN,0,0,NaN,SAME POSITION,90232,0,19845,300234067160720,26.3,  37.144,-115.262,66,226, 85824,Sun Oct 06 2019 11:38:52 GMT-0700 (Pacific Daylight Time),1570387132000,2019-10-06 11:38:54 -0700,0,
2019-10-06 11:06:35 -0700, 1379, 1501,0,NaN,0,0,NaN,SAME POSITION,88295,0,19844,300234067160720,25.2,  37.144,-115.262,66,225, 85822,Sun Oct 06 2019 11:06:35 GMT-0700 (Pacific Daylight Time),1570385195000,2019-10-06 11:06:38 -0700,0,
2019-10-06 10:34:21 -0700, 1378, 1500,0,NaN,0,0,NaN,SAME POSITION,86361,0,19843,300234067160720,24.4,  37.144,-115.262,66,224, 85833,Sun Oct 06 2019 10:34:21 GMT-0700 (Pacific Daylight Time),1570383261000,2019-10-06 10:34:26 -0700,0,
2019-10-06 10:02:10 -0700, 1378, 1494,0,NaN,0,0,NaN,SAME POSITION,84430,0,19842,300234067160720,23.6,  37.144,-115.262,66,223, 85833,Sun Oct 06 2019 10:02:10 GMT-0700 (Pacific Daylight Time),1570381330000,2019-10-06 10:02:22 -0700,0,
2019-10-06 09:29:54 -0700, 1380, 1492,0,NaN,0,0,NaN,SAME POSITION,82494,0,19841,300234067160720,22.9,  37.144,-115.262,66,222, 85809,Sun Oct 06 2019 09:29:54 GMT-0700 (Pacific Daylight Time),1570379394000,2019-10-06 09:29:58 -0700,0,
2019-10-06 08:57:07 -0700, 1383, 1492,0,NaN,0,0,NaN,SAME POSITION,80527,0,19840,300234067160720,22.2,  37.144,-115.262,66,221, 85785,Sun Oct 06 2019 08:57:07 GMT-0700 (Pacific Daylight Time),1570377427000,2019-10-06 08:57:10 -0700,0,
2019-10-06 08:25:02 -0700, 1386, 1491,0,NaN,0,0,NaN,SAME POSITION,78602,0,19839,300234067160720,20.9,  37.144,-115.262,66,220, 85751,Sun Oct 06 2019 08:25:02 GMT-0700 (Pacific Daylight Time),1570375502000,2019-10-06 08:25:06 -0700,0,
2019-10-06 07:52:52 -0700, 1388, 1499,0,NaN,0,0,NaN,SAME POSITION,76672,0,19838,300234067160720,19.1,  37.144,-115.262,66,219, 85727,Sun Oct 06 2019 07:52:52 GMT-0700 (Pacific Daylight Time),1570373572000,2019-10-06 07:52:54 -0700,0,
2019-10-06 07:18:00 -0700, 1391, 1500,0,NaN,0,0,NaN,SAME POSITION,74580,0,19837,300234067160720,17.2,  37.144,-115.262,66,218, 85691,Sun Oct 06 2019 07:18:00 GMT-0700 (Pacific Daylight Time),1570371480000,2019-10-06 07:18:02 -0700,0,
2019-10-06 06:45:48 -0700, 1395, 1503,0,NaN,0,0,NaN,SAME POSITION,72648,0,19836,300234067160720,16.6,  37.144,-115.262,66,217, 85649,Sun Oct 06 2019 06:45:48 GMT-0700 (Pacific Daylight Time),1570369548000,2019-10-06 06:45:50 -0700,0,
2019-10-06 06:13:30 -0700, 1400, 1502,0,NaN,0,0,NaN,SAME POSITION,70710,0,19835,300234067160720,17.1,  37.144,-115.262,66,216, 85606,Sun Oct 06 2019 06:13:30 GMT-0700 (Pacific Daylight Time),1570367610000,2019-10-06 06:13:34 -0700,0,
2019-10-06 05:41:14 -0700, 1403, 1500,0,NaN,0,0,NaN,SAME POSITION,68774,0,19834,300234067160720,17.3,  37.144,-115.262,66,215, 85574,Sun Oct 06 2019 05:41:14 GMT-0700 (Pacific Daylight Time),1570365674000,2019-10-06 05:41:18 -0700,0,
2019-10-06 05:04:00 -0700, 1406, 1500,0,NaN,0,0,NaN,SAME POSITION,66540,0,19833,300234067160720,16.9,  37.144,-115.262,66,214, 85541,Sun Oct 06 2019 05:04:00 GMT-0700 (Pacific Daylight Time),1570363440000,2019-10-06 05:04:06 -0700,0,
2019-10-06 04:29:59 -0700, 1408, 1501,0,NaN,0,0,NaN,SAME POSITION,64499,0,19832,300234067160720,17.3,  37.144,-115.262,66,213, 85520,Sun Oct 06 2019 04:29:59 GMT-0700 (Pacific Daylight Time),1570361399000,2019-10-06 04:30:02 -0700,0,
2019-10-06 03:54:51 -0700, 1412, 1504,0,NaN,0,0,NaN,SAME POSITION,62391,0,19831,300234067160720,17.7,  37.144,-115.262,66,212, 85471,Sun Oct 06 2019 03:54:51 GMT-0700 (Pacific Daylight Time),1570359291000,2019-10-06 03:54:54 -0700,0,
2019-10-06 03:22:37 -0700, 1415, 1502,0,NaN,0,0,NaN,SAME POSITION,60457,0,19830,300234067160720,17.9,  37.144,-115.262,66,211, 85445,Sun Oct 06 2019 03:22:37 GMT-0700 (Pacific Daylight Time),1570357357000,2019-10-06 03:22:42 -0700,0,
2019-10-06 02:50:20 -0700, 1416, 1500,0,NaN,0,0,NaN,SAME POSITION,58520,0,19829,300234067160720,18.1,  37.144,-115.262,66,210, 85434,Sun Oct 06 2019 02:50:20 GMT-0700 (Pacific Daylight Time),1570355420000,2019-10-06 02:50:26 -0700,0,
2019-10-06 02:17:32 -0700, 1416, 1500,0,NaN,0,0,NaN,SAME POSITION,56552,0,19828,300234067160720,18.1,  37.144,-115.262,66,209, 85433,Sun Oct 06 2019 02:17:32 GMT-0700 (Pacific Daylight Time),1570353452000,2019-10-06 02:17:34 -0700,0,
2019-10-06 01:45:24 -0700, 1419, 1500,0,NaN,0,0,NaN,SAME POSITION,54624,0,19827,300234067160720,18.4,  37.144,-115.262,66,208, 85397,Sun Oct 06 2019 01:45:24 GMT-0700 (Pacific Daylight Time),1570351524000,2019-10-06 01:45:31 -0700,0,
2019-10-06 01:11:34 -0700, 1423, 1503,0,NaN,0,0,NaN,SAME POSITION,52594,0,19826,300234067160720,18.7,  37.144,-115.262,66,207, 85363,Sun Oct 06 2019 01:11:34 GMT-0700 (Pacific Daylight Time),1570349494000,2019-10-06 01:11:46 -0700,0,
2019-10-06 00:37:14 -0700, 1425, 1505,0,NaN,0,0,NaN,SAME POSITION,50534,0,19825,300234067160720,18.7,  37.144,-115.262,66,206, 85342,Sun Oct 06 2019 00:37:14 GMT-0700 (Pacific Daylight Time),1570347434000,2019-10-06 00:37:18 -0700,0,
2019-10-06 00:05:02 -0700, 1424, 1503,0,NaN,0,0,NaN,SAME POSITION,48602,0,19824,300234067160720,18.4,  37.144,-115.262,66,205, 85351,Sun Oct 06 2019 00:05:02 GMT-0700 (Pacific Daylight Time),1570345502000,2019-10-06 00:05:06 -0700,0,
2019-10-05 23:32:49 -0700, 1424, 1502,0,NaN,0,0,NaN,SAME POSITION,46669,0,19823,300234067160720,18.1,  37.144,-115.262,66,204, 85355,Sat Oct 05 2019 23:32:49 GMT-0700 (Pacific Daylight Time),1570343569000,2019-10-05 23:32:54 -0700,0,
2019-10-05 22:59:57 -0700, 1423, 1503,0,NaN,0,0,NaN,SAME POSITION,44697,0,19822,300234067160720,17.8,  37.144,-115.262,66,203, 85356,Sat Oct 05 2019 22:59:57 GMT-0700 (Pacific Daylight Time),1570341597000,2019-10-05 23:00:02 -0700,0,
2019-10-05 22:27:48 -0700, 1425, 1506,0,NaN,0,0,NaN,SAME POSITION,42768,0,19821,300234067160720,17.1,  37.144,-115.262,66,202, 85335,Sat Oct 05 2019 22:27:48 GMT-0700 (Pacific Daylight Time),1570339668000,2019-10-05 22:27:54 -0700,0,
2019-10-05 21:55:35 -0700, 1425, 1509,0,NaN,0,0,NaN,SAME POSITION,40835,0,19820,300234067160720,15.0,  37.144,-115.262,66,201, 85342,Sat Oct 05 2019 21:55:35 GMT-0700 (Pacific Daylight Time),1570337735000,2019-10-05 21:55:38 -0700,0,
2019-10-05 21:22:12 -0700, 1425, 1510,0,NaN,0,0,NaN,SAME POSITION,38832,0,19819,300234067160720,11.9,  37.144,-115.262,66,200, 85339,Sat Oct 05 2019 21:22:12 GMT-0700 (Pacific Daylight Time),1570335732000,2019-10-05 21:22:14 -0700,0,
2019-10-05 21:16:37 -0700, 1426, 1510,0,NaN,0,0,NaN,SAME POSITION,38497,0,19818,300234067160720,11.2,  37.144,-115.262,66,199, 85334,Sat Oct 05 2019 21:16:37 GMT-0700 (Pacific Daylight Time),1570335397000,2019-10-05 21:16:41 -0700,0,
2019-10-05 21:13:24 -0700, 1426, 1510,0,NaN,0,0,NaN,SAME POSITION,38304,0,19817,300234067160720,10.8,  37.144,-115.262,66,198, 85326,Sat Oct 05 2019 21:13:24 GMT-0700 (Pacific Daylight Time),1570335204000,2019-10-05 21:13:25 -0700,0,
2019-10-05 21:07:19 -0700, 1427, 1510,0,NaN,0,0,NaN,SAME POSITION,37939,0,19816,300234067160720,10.0,  37.144,-115.262,66,197, 85322,Sat Oct 05 2019 21:07:19 GMT-0700 (Pacific Daylight Time),1570334839000,2019-10-05 21:07:22 -0700,0,
2019-10-05 21:04:11 -0700, 1427, 1510,0,NaN,0,0,NaN,SAME POSITION,37751,0,19815,300234067160720, 9.5,  37.144,-115.262,66,196, 85319,Sat Oct 05 2019 21:04:11 GMT-0700 (Pacific Daylight Time),1570334651000,2019-10-05 21:04:14 -0700,0,
2019-10-05 20:58:43 -0700, 1428, 1510,0,NaN,0,0,NaN,SAME POSITION,37423,0,19814,300234067160720, 8.6,  37.144,-115.262,66,195, 85312,Sat Oct 05 2019 20:58:43 GMT-0700 (Pacific Daylight Time),1570334323000,2019-10-05 20:58:45 -0700,0,
2019-10-05 20:55:32 -0700, 1428, 1510,0,NaN,0,0,NaN,SAME POSITION,37232,0,19813,300234067160720, 8.0,  37.144,-115.262,66,194, 85311,Sat Oct 05 2019 20:55:32 GMT-0700 (Pacific Daylight Time),1570334132000,2019-10-05 20:55:38 -0700,0,
2019-10-05 20:49:57 -0700, 1428, 1510,0,NaN,0,0,NaN,SAME POSITION,36897,0,19812,300234067160720, 6.8,  37.144,-115.262,66,193, 85311,Sat Oct 05 2019 20:49:57 GMT-0700 (Pacific Daylight Time),1570333797000,2019-10-05 20:50:02 -0700,0,
2019-10-05 20:46:46 -0700, 1427, 1510,0,NaN,0,0,NaN,SAME POSITION,36706,0,19811,300234067160720, 5.9,  37.144,-115.262,66,192, 85314,Sat Oct 05 2019 20:46:46 GMT-0700 (Pacific Daylight Time),1570333606000,2019-10-05 20:46:50 -0700,0,
2019-10-05 20:41:09 -0700, 1428, 1511,0,NaN,0,0,NaN,SAME POSITION,36369,0,19810,300234067160720, 4.1,  37.144,-115.262,66,191, 85304,Sat Oct 05 2019 20:41:09 GMT-0700 (Pacific Daylight Time),1570333269000,2019-10-05 20:41:14 -0700,0,
2019-10-05 20:37:58 -0700, 1428, 1511,-0.01,NaN,0,0,NaN,SAME POSITION,36178,0,19809,300234067160720, 2.9,  37.144,-115.262,66,190, 85306,Sat Oct 05 2019 20:37:58 GMT-0700 (Pacific Daylight Time),1570333078000,2019-10-05 20:38:02 -0700,0,
2019-10-05 20:34:38 -0700, 1428, 1512,0.01,NaN,0,0,NaN,SAME POSITION,35978,0,19808,300234067160720, 1.4,  37.144,-115.262,66,189, 85303,Sat Oct 05 2019 20:34:38 GMT-0700 (Pacific Daylight Time),1570332878000,2019-10-05 20:34:41 -0700,0,
2019-10-05 20:31:26 -0700, 1429, 1511,0,NaN,0,0,NaN,SAME POSITION,35786,0,19807,300234067160720,-0.4,  37.144,-115.262,66,188, 85301,Sat Oct 05 2019 20:31:26 GMT-0700 (Pacific Daylight Time),1570332686000,2019-10-05 20:31:30 -0700,0,
2019-10-05 20:28:18 -0700, 1428, 1511,-1.39,NaN,0,0,NaN,NORTH-EAST,35598,2.64,19806,300234067160720,-2.9,  37.144,-115.262,66,187, 85310,Sat Oct 05 2019 20:28:18 GMT-0700 (Pacific Daylight Time),1570332498000,2019-10-05 20:28:22 -0700,0,
2019-10-05 20:23:18 -0700, 1781, 1928,-1.68,NaN,0,0,NaN,NORTH-EAST,35298,2.46,19805,300234067160720,-6.6,  37.138,-115.269,66,186, 81685,Sat Oct 05 2019 20:23:18 GMT-0700 (Pacific Daylight Time),1570332198000,2019-10-05 20:23:22 -0700,0,
2019-10-05 20:20:05 -0700, 2097, 2252,-1.72,NaN,0,0,NaN,SOUTH-EAST,35105,1.12,19804,300234067160720,-8.3,  37.135,-115.277,66,185, 78545,Sat Oct 05 2019 20:20:05 GMT-0700 (Pacific Daylight Time),1570332005000,2019-10-05 20:20:10 -0700,0,
2019-10-05 20:16:51 -0700, 2403, 2585,-1.71,NaN,0,0,NaN,SOUTH-EAST,34911,3.48,19803,300234067160720,-9.8,  37.136,-115.283,66,184, 75597,Sat Oct 05 2019 20:16:51 GMT-0700 (Pacific Daylight Time),1570331811000,2019-10-05 20:16:53 -0700,0,
2019-10-05 20:13:41 -0700, 2722, 2910,-1.28,NaN,0,0,NaN,SOUTH-EAST,34721,8.1,19802,300234067160720,-11.2,  37.141,-115.289,66,183, 72628,Sat Oct 05 2019 20:13:41 GMT-0700 (Pacific Daylight Time),1570331621000,2019-10-05 20:13:46 -0700,0,
2019-10-05 20:10:30 -0700, 2979, 3154,-1.37,NaN,0,0,NaN,SOUTH-EAST,34530,12.77,19801,300234067160720,-12.7,  37.153,-115.301,66,182, 70300,Sat Oct 05 2019 20:10:30 GMT-0700 (Pacific Daylight Time),1570331430000,2019-10-05 20:10:38 -0700,0,
2019-10-05 20:07:27 -0700, 3193, 3404,-2.01,NaN,0,0,NaN,SOUTH-EAST,34347,8.79,19800,300234067160720,-14.4,  37.171,-115.320,66,181, 68405,Sat Oct 05 2019 20:07:27 GMT-0700 (Pacific Daylight Time),1570331247000,2019-10-05 20:07:30 -0700,0,
2019-10-05 20:04:17 -0700, 3506, 3786,-1.72,NaN,0,0,NaN,SOUTH-EAST,34157,6.14,19799,300234067160720,-16.1,  37.183,-115.339,66,180, 65715,Sat Oct 05 2019 20:04:17 GMT-0700 (Pacific Daylight Time),1570331057000,2019-10-05 20:04:22 -0700,0,
2019-10-05 20:01:06 -0700, 3834, 4114,-1.88,NaN,0,0,NaN,SOUTH-EAST,33966,5.19,19798,300234067160720,-17.8,  37.191,-115.355,66,179, 62988,Sat Oct 05 2019 20:01:06 GMT-0700 (Pacific Daylight Time),1570330866000,2019-10-05 20:01:09 -0700,0,
2019-10-05 19:56:46 -0700, 4324, 4603,-1.72,NaN,0,0,NaN,SOUTH-EAST,33706,3.18,19797,300234067160720,-20.2,  37.199,-115.381,66,178, 59085,Sat Oct 05 2019 19:56:46 GMT-0700 (Pacific Daylight Time),1570330606000,2019-10-05 19:56:49 -0700,0,
2019-10-05 19:53:34 -0700, 4630, 4934,-1.95,NaN,0,0,NaN,SOUTH-EAST,33514,4.22,19796,300234067160720,-22.0,  37.201,-115.403,66,177, 56750,Sat Oct 05 2019 19:53:34 GMT-0700 (Pacific Daylight Time),1570330414000,2019-10-05 19:53:38 -0700,0,
2019-10-05 19:50:21 -0700, 4982, 5311,-2.3,NaN,0,0,NaN,SOUTH-EAST,33321,5.59,19795,300234067160720,-23.7,  37.205,-115.424,66,176, 54159,Sat Oct 05 2019 19:50:21 GMT-0700 (Pacific Daylight Time),1570330221000,2019-10-05 19:50:25 -0700,0,
2019-10-05 19:47:09 -0700, 5384, 5752,-2.4,NaN,0,0,NaN,SOUTH-EAST,33129,5.02,19794,300234067160720,-25.3,  37.211,-115.447,66,175, 51314,Sat Oct 05 2019 19:47:09 GMT-0700 (Pacific Daylight Time),1570330029000,2019-10-05 19:47:13 -0700,0,
2019-10-05 19:44:02 -0700, 5813, 6200,-1.87,NaN,0,0,NaN,SOUTH-EAST,32942,6.01,19793,300234067160720,-26.8,  37.215,-115.475,66,174, 48407,Sat Oct 05 2019 19:44:02 GMT-0700 (Pacific Daylight Time),1570329842000,2019-10-05 19:44:06 -0700,0,
2019-10-05 19:40:49 -0700, 6176, 6561,-1.95,NaN,0,0,NaN,SOUTH-EAST,32749,4.72,19792,300234067160720,-28.4,  37.221,-115.503,66,173, 46057,Sat Oct 05 2019 19:40:49 GMT-0700 (Pacific Daylight Time),1570329649000,2019-10-05 19:40:54 -0700,0,
2019-10-05 19:37:35 -0700, 6511, 6940,-3.08,NaN,0,0,NaN,SOUTH-EAST,32555,6.53,19791,300234067160720,-29.9,  37.224,-115.536,66,172, 43973,Sat Oct 05 2019 19:37:35 GMT-0700 (Pacific Daylight Time),1570329455000,2019-10-05 19:37:38 -0700,0,
2019-10-05 12:32:18 -0700,16461,17431,-0.13,NaN,0,0,NaN,NORTH-EAST,7038,7.39,19673,300234067160720,-11.4,  36.945,-120.889,66,57,  8839,Sat Oct 05 2019 12:32:18 GMT-0700 (Pacific Daylight Time),1570303938000,2019-10-05 12:32:21 -0700,0,
2019-10-05 12:29:08 -0700,16472,17455,undefined,NaN,0,0,NaN,undefined,6848,undefined,19672,300234067160720,-11.5,  36.937,-120.918,66,56,  8821,Sat Oct 05 2019 12:29:08 GMT-0700 (Pacific Daylight Time),1570303748000,2019-10-05 12:29:13 -0700,0,
2019-10-05 12:25:58 -0700,16486,17463,0.02,NaN,0,0,NaN,NORTH-EAST,6658,7.81,19671,300234067160720,-11.7,  36.929,-120.947,66,55,  8799,Sat Oct 05 2019 12:25:58 GMT-0700 (Pacific Daylight Time),1570303558000,2019-10-05 12:26:01 -0700,0,
2019-10-05 12:22:44 -0700,16483,17460,undefined,NaN,0,0,NaN,undefined,6464,undefined,19670,300234067160720,-11.8,  36.920,-120.976,66,54,  8803,Sat Oct 05 2019 12:22:44 GMT-0700 (Pacific Daylight Time),1570303364000,2019-10-05 12:22:50 -0700,0,
2019-10-05 12:19:33 -0700,16477,17435,0.59,NaN,0,0,NaN,NORTH-EAST,6273,6.07,19669,300234067160720,-11.6,  36.911,-121.005,66,53,  8814,Sat Oct 05 2019 12:19:33 GMT-0700 (Pacific Daylight Time),1570303173000,2019-10-05 12:19:38 -0700,0,
2019-10-05 12:15:48 -0700,16383,17303,undefined,NaN,0,0,NaN,undefined,6048,undefined,19668,300234067160720,-10.5,  36.904,-121.038,66,52,  8971,Sat Oct 05 2019 12:15:48 GMT-0700 (Pacific Daylight Time),1570302948000,2019-10-05 12:15:50 -0700,0,
2019-10-05 12:12:34 -0700,15849,16553,4.69,NaN,0,0,NaN,SOUTH-EAST,5854,4.6,19667,300234067160720,-8.8,  36.902,-121.065,66,51,  9910,Sat Oct 05 2019 12:12:34 GMT-0700 (Pacific Daylight Time),1570302754000,2019-10-05 12:12:37 -0700,0,
2019-10-05 12:09:19 -0700,15035,15639,undefined,NaN,0,0,NaN,undefined,5659,undefined,19666,300234067160720,-6.5,  36.904,-121.103,66,50, 11491,Sat Oct 05 2019 12:09:19 GMT-0700 (Pacific Daylight Time),1570302559000,2019-10-05 12:09:29 -0700,0,
2019-10-05 12:05:53 -0700,14203,14690,4.19,NaN,0,0,NaN,NORTH-EAST,5453,10.76,19665,300234067160720,-3.9,  36.905,-121.147,66,49, 13314,Sat Oct 05 2019 12:05:53 GMT-0700 (Pacific Daylight Time),1570302353000,2019-10-05 12:06:02 -0700,0,
2019-10-05 12:02:40 -0700,13380,13882,undefined,NaN,0,0,NaN,undefined,5260,undefined,19664,300234067160720,-1.1,  36.894,-121.195,66,48, 15339,Sat Oct 05 2019 12:02:40 GMT-0700 (Pacific Daylight Time),1570302160000,2019-10-05 12:02:42 -0700,0,
2019-10-05 11:59:27 -0700,12589,13068,4.77,NaN,0,0,NaN,NORTH-EAST,5067,10.79,19663,300234067160720, 1.9,  36.883,-121.242,66,47, 17513,Sat Oct 05 2019 11:59:27 GMT-0700 (Pacific Daylight Time),1570301967000,2019-10-05 11:59:29 -0700,0,
2019-10-05 11:56:15 -0700,11719,12152,undefined,NaN,0,0,NaN,undefined,4875,undefined,19662,300234067160720, 4.9,  36.869,-121.271,66,46, 20187,Sat Oct 05 2019 11:56:15 GMT-0700 (Pacific Daylight Time),1570301775000,2019-10-05 11:56:18 -0700,0,
2019-10-05 11:53:01 -0700,10796,11173,4.76,NaN,0,0,NaN,NORTH-EAST,4681,9.01,19661,300234067160720, 8.0,  36.859,-121.290,66,45, 23375,Sat Oct 05 2019 11:53:01 GMT-0700 (Pacific Daylight Time),1570301581000,2019-10-05 11:53:05 -0700,0,
2019-10-05 11:49:47 -0700, 9878,10250,undefined,NaN,0,0,NaN,undefined,4487,undefined,19660,300234067160720,10.8,  36.846,-121.307,66,44, 26942,Sat Oct 05 2019 11:49:47 GMT-0700 (Pacific Daylight Time),1570301387000,2019-10-05 11:49:50 -0700,0,
2019-10-05 11:46:36 -0700, 8969, 9331,9.64,NaN,0,0,NaN,NORTH-EAST,4296,15.44,19659,300234067160720,13.4,  36.836,-121.322,66,43, 30893,Sat Oct 05 2019 11:46:36 GMT-0700 (Pacific Daylight Time),1570301196000,2019-10-05 11:46:38 -0700,0,
2019-10-05 11:43:20 -0700, 7150, 7441,undefined,NaN,0,0,NaN,undefined,4100,undefined,19658,300234067160720,18.7,  36.816,-121.367,66,42, 40209,Sat Oct 05 2019 11:43:20 GMT-0700 (Pacific Daylight Time),1570301000000,2019-10-05 11:43:26 -0700,0,
2019-10-05 11:35:50 -0700, 6417, 6662,3.72,NaN,0,0,NaN,NORTH-EAST,3650,2.73,19657,300234067160720,20.6,  36.809,-121.386,66,41, 44554,Sat Oct 05 2019 11:35:50 GMT-0700 (Pacific Daylight Time),1570300550000,2019-10-05 11:35:53 -0700,0,
2019-10-05 11:32:36 -0700, 5722, 5940,undefined,NaN,0,0,NaN,undefined,3456,undefined,19656,300234067160720,22.2,  36.806,-121.397,66,40, 49016,Sat Oct 05 2019 11:32:36 GMT-0700 (Pacific Daylight Time),1570300356000,2019-10-05 11:32:41 -0700,0,
2019-10-05 11:29:24 -0700, 5072, 5236,3.36,NaN,0,0,NaN,SOUTH-EAST,3264,3.84,19655,300234067160720,23.6,  36.805,-121.406,66,39, 53508,Sat Oct 05 2019 11:29:24 GMT-0700 (Pacific Daylight Time),1570300164000,2019-10-05 11:29:26 -0700,0,
2019-10-05 11:26:13 -0700, 4445, 4595,undefined,NaN,0,0,NaN,undefined,3073,undefined,19654,300234067160720,24.7,  36.810,-121.416,66,38, 58154,Sat Oct 05 2019 11:26:13 GMT-0700 (Pacific Daylight Time),1570299973000,2019-10-05 11:26:18 -0700,0,
2019-10-05 11:23:02 -0700, 3825, 3930,3.37,NaN,0,0,NaN,SOUTH-EAST,2882,6.16,19653,300234067160720,25.6,  36.816,-121.425,66,37, 63068,Sat Oct 05 2019 11:23:02 GMT-0700 (Pacific Daylight Time),1570299782000,2019-10-05 11:23:06 -0700,0,
2019-10-05 11:19:50 -0700, 3232, 3283,undefined,NaN,0,0,NaN,undefined,2690,undefined,19652,300234067160720,26.3,  36.826,-121.429,66,36, 68066,Sat Oct 05 2019 11:19:50 GMT-0700 (Pacific Daylight Time),1570299590000,2019-10-05 11:19:53 -0700,0,
2019-10-05 11:16:41 -0700, 2678, 2721,2.91,NaN,0,0,NaN,SOUTH-EAST,2501,1.8,19651,300234067160720,26.9,  36.833,-121.438,66,35, 73033,Sat Oct 05 2019 11:16:41 GMT-0700 (Pacific Daylight Time),1570299401000,2019-10-05 11:16:45 -0700,0,
2019-10-05 11:13:28 -0700, 2122, 2160,undefined,NaN,0,0,NaN,undefined,2308,undefined,19650,300234067160720,27.2,  36.835,-121.445,66,34, 78305,Sat Oct 05 2019 11:13:28 GMT-0700 (Pacific Daylight Time),1570299208000,2019-10-05 11:13:34 -0700,0,
2019-10-05 11:10:20 -0700, 1608, 1593,3.02,NaN,0,0,NaN,SOUTH-WEST,2120,2.33,19649,300234067160720,27.6,  36.838,-121.450,66,33, 83440,Sat Oct 05 2019 11:10:20 GMT-0700 (Pacific Daylight Time),1570299020000,2019-10-05 11:10:25 -0700,0,
2019-10-05 11:07:07 -0700, 1091, 1010,undefined,NaN,0,0,NaN,undefined,1927,undefined,19648,300234067160720,27.9,  36.843,-121.444,66,32, 88892,Sat Oct 05 2019 11:07:07 GMT-0700 (Pacific Daylight Time),1570298827000,2019-10-05 11:07:10 -0700,0,
2019-10-05 11:03:53 -0700,  583,  417,1.75,NaN,0,0,NaN,SOUTH-WEST,1733,1.05,19647,300234067160720,28.1,  36.848,-121.434,66,31, 94510,Sat Oct 05 2019 11:03:53 GMT-0700 (Pacific Daylight Time),1570298633000,2019-10-05 11:03:57 -0700,0,
2019-10-05 11:00:39 -0700,   89,   77,undefined,NaN,0,0,NaN,undefined,1539,undefined,19646,300234067160720,28.2,  36.850,-121.433,66,30,100261,Sat Oct 05 2019 11:00:39 GMT-0700 (Pacific Daylight Time),1570298439000,2019-10-05 11:01:06 -0700,0,
2019-10-05 10:57:31 -0700,    7,   75,0.01,NaN,0,0,NaN,SOUTH-EAST,1351,0.09,19645,300234067160720,28.2,  36.849,-121.433,66,29,101236,Sat Oct 05 2019 10:57:31 GMT-0700 (Pacific Daylight Time),1570298251000,2019-10-05 10:57:34 -0700,0,
2019-10-05 10:54:23 -0700,    7,   73,undefined,NaN,0,0,NaN,undefined,1163,undefined,19644,300234067160720,28.1,  36.849,-121.434,66,28,101241,Sat Oct 05 2019 10:54:23 GMT-0700 (Pacific Daylight Time),1570298063000,2019-10-05 10:54:25 -0700,0,
2019-10-05 10:51:13 -0700,    7,   72,0,NaN,0,0,NaN,SAME POSITION,973,0,19643,300234067160720,27.9,  36.849,-121.434,66,27,101247,Sat Oct 05 2019 10:51:13 GMT-0700 (Pacific Daylight Time),1570297873000,2019-10-05 10:51:17 -0700,0,
2019-10-05 10:48:02 -0700,    5,   72,undefined,NaN,0,0,NaN,undefined,782,undefined,19642,300234067160720,27.5,  36.849,-121.434,66,26,101262,Sat Oct 05 2019 10:48:02 GMT-0700 (Pacific Daylight Time),1570297682000,2019-10-05 10:48:05 -0700,0,
2019-10-05 10:43:55 -0700,    5,   70,0,NaN,0,0,NaN,SAME POSITION,535,0,19641,300234067160720,27.1,  36.849,-121.434,66,25,101263,Sat Oct 05 2019 10:43:55 GMT-0700 (Pacific Daylight Time),1570297435000,2019-10-05 10:43:58 -0700,0,
2019-10-05 10:39:28 -0700,    5,   70,undefined,NaN,0,0,NaN,undefined,268,undefined,19640,300234067160720,26.4,  36.849,-121.434,66,24,101265,Sat Oct 05 2019 10:39:28 GMT-0700 (Pacific Daylight Time),1570297168000,2019-10-05 10:39:34 -0700,0,
2019-10-05 10:36:18 -0700,    4,   68,undefined,NaN,0,0,NaN,undefined,78,undefined,19639,300234067160720,26.0,  36.849,-121.434,66,23,101274,Sat Oct 05 2019 10:36:18 GMT-0700 (Pacific Daylight Time),1570296978000,2019-10-05 10:36:21 -0700,0,
