Date Time (UTC),Device,Direction,Payload,Approx Lat/Lng,Payload (Text),Length (Bytes),Credits
07/Oct/2019 01:17:02,RockBLOCK 15994,MO,32342e352c2038353436312c20313431332c202033372e3134342c2d3131352e3236322c20313530312c302c30,"37.15615,-115.2347","24.5, 85461, 1413,  37.144,-115.262, 1501,0,0",45,1
07/Oct/2019 00:44:43,RockBLOCK 15994,MO,32352e322c2038353436302c20313431342c202033372e3134342c2d3131352e3236322c20313530302c302c30,"37.14686666666667,-115.27545","25.2, 85460, 1414,  37.144,-115.262, 1500,0,0",45,1
07/Oct/2019 00:10:45,RockBLOCK 15994,MO,32362e302c2038353437362c20313431322c202033372e3134342c2d3131352e3236322c20313439382c302c30,"37.13645,-115.2155","26.0, 85476, 1412,  37.144,-115.262, 1498,0,0",45,1
06/Oct/2019 23:38:31,RockBLOCK 15994,MO,32372e312c2038353530322c20313430392c202033372e3134342c2d3131352e3236322c20313439382c302c30,"37.1849,-115.2347","27.1, 85502, 1409,  37.144,-115.262, 1498,0,0",45,1
06/Oct/2019 23:06:15,RockBLOCK 15994,MO,32372e342c2038353532352c20313430372c202033372e3134342c2d3131352e3236322c20313439392c302c30,"37.14686666666667,-115.27545","27.4, 85525, 1407,  37.144,-115.262, 1499,0,0",45,1
06/Oct/2019 22:29:23,RockBLOCK 15994,MO,32372e372c2038353535352c20313430342c202033372e3134342c2d3131352e3236322c20313439392c302c30,"37.18598333333333,-115.33545","27.7, 85555, 1404,  37.144,-115.262, 1499,0,0",45,1
06/Oct/2019 21:57:09,RockBLOCK 15994,MO,32372e382c2038353539312c20313430312c202033372e3134342c2d3131352e3236322c20313439382c302c30,"37.13645,-115.2155","27.8, 85591, 1401,  37.144,-115.262, 1498,0,0",45,1
06/Oct/2019 21:24:52,RockBLOCK 15994,MO,32382e312c2038353632302c20313339382c202033372e3134342c2d3131352e3236322c20313439372c302c30,"37.15615,-115.2347","28.1, 85620, 1398,  37.144,-115.262, 1497,0,0",45,1
06/Oct/2019 20:52:11,RockBLOCK 15994,MO,32382e302c2038353636312c20313339342c202033372e3134342c2d3131352e3236322c20313439362c302c30,"37.14686666666667,-115.27545","28.0, 85661, 1394,  37.144,-115.262, 1496,0,0",45,1
06/Oct/2019 20:15:37,RockBLOCK 15994,MO,32372e392c2038353731372c20313338392c202033372e3134342c2d3131352e3236322c20313439362c302c30,"37.14573333333333,-115.17473333333334","27.9, 85717, 1389,  37.144,-115.262, 1496,0,0",45,1
06/Oct/2019 19:43:19,RockBLOCK 15994,MO,32372e382c2038353738312c20313338332c202033372e3134342c2d3131352e3236322c20313439392c302c30,"37.2229,-115.19391666666667","27.8, 85781, 1383,  37.144,-115.262, 1499,0,0",45,1
06/Oct/2019 19:11:04,RockBLOCK 15994,MO,32372e322c2038353739372c20313338312c202033372e3134342c2d3131352e3236322c20313530312c302c30,"37.14686666666667,-115.27545","27.2, 85797, 1381,  37.144,-115.262, 1501,0,0",45,1
06/Oct/2019 18:38:52,RockBLOCK 15994,MO,32362e332c2038353832342c20313337392c202033372e3134342c2d3131352e3236322c20313530302c302c30,"37.14686666666667,-115.27545","26.3, 85824, 1379,  37.144,-115.262, 1500,0,0",45,1
06/Oct/2019 18:06:35,RockBLOCK 15994,MO,32352e322c2038353832322c20313337392c202033372e3134342c2d3131352e3236322c20313530312c302c30,"37.14573333333333,-115.17473333333334","25.2, 85822, 1379,  37.144,-115.262, 1501,0,0",45,1
06/Oct/2019 17:34:21,RockBLOCK 15994,MO,32342e342c2038353833332c20313337382c202033372e3134342c2d3131352e3236322c20313530302c302c30,"37.15615,-115.2347","24.4, 85833, 1378,  37.144,-115.262, 1500,0,0",45,1
06/Oct/2019 17:02:10,RockBLOCK 15994,MO,32332e362c2038353833332c20313337382c202033372e3134342c2d3131352e3236322c20313439342c302c30,"37.127183333333335,-115.25623333333333","23.6, 85833, 1378,  37.144,-115.262, 1494,0,0",45,1
06/Oct/2019 16:29:54,RockBLOCK 15994,MO,32322e392c2038353830392c20313338302c202033372e3134342c2d3131352e3236322c20313439322c302c30,"37.17665,-115.37616666666666","22.9, 85809, 1380,  37.144,-115.262, 1492,0,0",45,1
06/Oct/2019 15:57:07,RockBLOCK 15994,MO,32322e322c2038353738352c20313338332c202033372e3134342c2d3131352e3236322c20313439322c302c30,"37.13645,-115.2155","22.2, 85785, 1383,  37.144,-115.262, 1492,0,0",45,1
06/Oct/2019 15:25:02,RockBLOCK 15994,MO,32302e392c2038353735312c20313338362c202033372e3134342c2d3131352e3236322c20313439312c302c30,"37.15615,-115.2347","20.9, 85751, 1386,  37.144,-115.262, 1491,0,0",45,1
06/Oct/2019 14:52:52,RockBLOCK 15994,MO,31392e312c2038353732372c20313338382c202033372e3134342c2d3131352e3236322c20313439392c302c30,"37.15615,-115.2347","19.1, 85727, 1388,  37.144,-115.262, 1499,0,0",45,1
06/Oct/2019 14:18:00,RockBLOCK 15994,MO,31372e322c2038353639312c20313339312c202033372e3134342c2d3131352e3236322c20313530302c302c30,"37.14888333333333,-115.4769","17.2, 85691, 1391,  37.144,-115.262, 1500,0,0",45,1
06/Oct/2019 13:45:48,RockBLOCK 15994,MO,31362e362c2038353634392c20313339352c202033372e3134342c2d3131352e3236322c20313530332c302c30,"37.15615,-115.2347","16.6, 85649, 1395,  37.144,-115.262, 1503,0,0",45,1
06/Oct/2019 13:13:30,RockBLOCK 15994,MO,31372e312c2038353630362c20313430302c202033372e3134342c2d3131352e3236322c20313530322c302c30,"37.1849,-115.2347","17.1, 85606, 1400,  37.144,-115.262, 1502,0,0",45,1
06/Oct/2019 12:41:14,RockBLOCK 15994,MO,31372e332c2038353537342c20313430332c202033372e3134342c2d3131352e3236322c20313530302c302c30,"37.14686666666667,-115.27545","17.3, 85574, 1403,  37.144,-115.262, 1500,0,0",45,1
06/Oct/2019 12:04:00,RockBLOCK 15994,MO,31362e392c2038353534312c20313430362c202033372e3134342c2d3131352e3236322c20313530302c302c30,"37.14686666666667,-115.27545","16.9, 85541, 1406,  37.144,-115.262, 1500,0,0",45,1
06/Oct/2019 11:29:59,RockBLOCK 15994,MO,31372e332c2038353532302c20313430382c202033372e3134342c2d3131352e3236322c20313530312c302c30,"37.13645,-115.2155","17.3, 85520, 1408,  37.144,-115.262, 1501,0,0",45,1
06/Oct/2019 10:54:51,RockBLOCK 15994,MO,31372e372c2038353437312c20313431322c202033372e3134342c2d3131352e3236322c20313530342c302c30,"37.14686666666667,-115.27545","17.7, 85471, 1412,  37.144,-115.262, 1504,0,0",45,1
06/Oct/2019 10:22:37,RockBLOCK 15994,MO,31372e392c2038353434352c20313431352c202033372e3134342c2d3131352e3236322c20313530322c302c30,"37.14686666666667,-115.27545","17.9, 85445, 1415,  37.144,-115.262, 1502,0,0",45,1
06/Oct/2019 09:50:20,RockBLOCK 15994,MO,31382e312c2038353433342c20313431362c202033372e3134342c2d3131352e3236322c20313530302c302c30,"37.14686666666667,-115.27545","18.1, 85434, 1416,  37.144,-115.262, 1500,0,0",45,1
06/Oct/2019 09:17:32,RockBLOCK 15994,MO,31382e312c2038353433332c20313431362c202033372e3134342c2d3131352e3236322c20313530302c302c30,"37.14686666666667,-115.27545","18.1, 85433, 1416,  37.144,-115.262, 1500,0,0",45,1
06/Oct/2019 08:45:24,RockBLOCK 15994,MO,31382e342c2038353339372c20313431392c202033372e3134342c2d3131352e3236322c20313530302c302c30,"37.14951666666666,-113.74288333333334","18.4, 85397, 1419,  37.144,-115.262, 1500,0,0",45,1
06/Oct/2019 08:11:34,RockBLOCK 15994,MO,31382e372c2038353336332c20313432332c202033372e3134342c2d3131352e3236322c20313530332c302c30,"37.14686666666667,-115.27545","18.7, 85363, 1423,  37.144,-115.262, 1503,0,0",45,1
06/Oct/2019 07:37:14,RockBLOCK 15994,MO,31382e372c2038353334322c20313432352c202033372e3134342c2d3131352e3236322c20313530352c302c30,"37.127183333333335,-115.25623333333333","18.7, 85342, 1425,  37.144,-115.262, 1505,0,0",45,1
06/Oct/2019 07:05:02,RockBLOCK 15994,MO,31382e342c2038353335312c20313432342c202033372e3134342c2d3131352e3236322c20313530332c302c30,"37.14686666666667,-115.27545","18.4, 85351, 1424,  37.144,-115.262, 1503,0,0",45,1
06/Oct/2019 06:32:49,RockBLOCK 15994,MO,31382e312c2038353335352c20313432342c202033372e3134342c2d3131352e3236322c20313530322c302c30,"37.13645,-115.2155","18.1, 85355, 1424,  37.144,-115.262, 1502,0,0",45,1
06/Oct/2019 05:59:57,RockBLOCK 15994,MO,31372e382c2038353335362c20313432332c202033372e3134342c2d3131352e3236322c20313530332c302c30,"37.14686666666667,-115.27545","17.8, 85356, 1423,  37.144,-115.262, 1503,0,0",45,1
06/Oct/2019 05:27:48,RockBLOCK 15994,MO,31372e312c2038353333352c20313432352c202033372e3134342c2d3131352e3236322c20313530362c302c30,"37.14686666666667,-115.27545","17.1, 85335, 1425,  37.144,-115.262, 1506,0,0",45,1
06/Oct/2019 04:55:35,RockBLOCK 15994,MO,31352e302c2038353334322c20313432352c202033372e3134342c2d3131352e3236322c20313530392c302c30,"37.14686666666667,-115.27545","15.0, 85342, 1425,  37.144,-115.262, 1509,0,0",45,1
06/Oct/2019 04:22:12,RockBLOCK 15994,MO,31312e392c2038353333392c20313432352c202033372e3134342c2d3131352e3236322c20313531302c302c30,"37.14686666666667,-115.27545","11.9, 85339, 1425,  37.144,-115.262, 1510,0,0",45,1
06/Oct/2019 04:19:27,RockBLOCK 15994,MT,00002020,,,4,1
06/Oct/2019 04:16:37,RockBLOCK 15994,MO,31312e322c2038353333342c20313432362c202033372e3134342c2d3131352e3236322c20313531302c302c30,"37.1077,-115.2155","11.2, 85334, 1426,  37.144,-115.262, 1510,0,0",45,1
06/Oct/2019 04:13:24,RockBLOCK 15994,MO,31302e382c2038353332362c20313432362c202033372e3134342c2d3131352e3236322c20313531302c302c30,"37.14686666666667,-115.27545","10.8, 85326, 1426,  37.144,-115.262, 1510,0,0",45,1
06/Oct/2019 04:07:19,RockBLOCK 15994,MO,31302e302c2038353332322c20313432372c202033372e3134342c2d3131352e3236322c20313531302c302c30,"37.15615,-115.2347","10.0, 85322, 1427,  37.144,-115.262, 1510,0,0",45,1
06/Oct/2019 04:04:11,RockBLOCK 15994,MO,20392e352c2038353331392c20313432372c202033372e3134342c2d3131352e3236322c20313531302c302c30,"37.15615,-115.2347"," 9.5, 85319, 1427,  37.144,-115.262, 1510,0,0",45,1
06/Oct/2019 03:58:43,RockBLOCK 15994,MO,20382e362c2038353331322c20313432382c202033372e3134342c2d3131352e3236322c20313531302c302c30,"37.13645,-115.2155"," 8.6, 85312, 1428,  37.144,-115.262, 1510,0,0",45,1
06/Oct/2019 03:55:32,RockBLOCK 15994,MO,20382e302c2038353331312c20313432382c202033372e3134342c2d3131352e3236322c20313531302c302c30,"37.13645,-115.2155"," 8.0, 85311, 1428,  37.144,-115.262, 1510,0,0",45,1
06/Oct/2019 03:49:57,RockBLOCK 15994,MO,20362e382c2038353331312c20313432382c202033372e3134342c2d3131352e3236322c20313531302c302c30,"37.13645,-115.2155"," 6.8, 85311, 1428,  37.144,-115.262, 1510,0,0",45,1
06/Oct/2019 03:46:46,RockBLOCK 15994,MO,20352e392c2038353331342c20313432372c202033372e3134342c2d3131352e3236322c20313531302c302c30,"37.14686666666667,-115.27545"," 5.9, 85314, 1427,  37.144,-115.262, 1510,0,0",45,1
06/Oct/2019 03:41:09,RockBLOCK 15994,MO,20342e312c2038353330342c20313432382c202033372e3134342c2d3131352e3236322c20313531312c302c30,"37.09843333333333,-115.25623333333333"," 4.1, 85304, 1428,  37.144,-115.262, 1511,0,0",45,1
06/Oct/2019 03:37:58,RockBLOCK 15994,MO,20322e392c2038353330362c20313432382c202033372e3134342c2d3131352e3236322c20313531312c302c30,"37.14686666666667,-115.27545"," 2.9, 85306, 1428,  37.144,-115.262, 1511,0,0",45,1
06/Oct/2019 03:34:38,RockBLOCK 15994,MO,20312e342c2038353330332c20313432382c202033372e3134342c2d3131352e3236322c20313531322c302c30,"37.14686666666667,-115.27545"," 1.4, 85303, 1428,  37.144,-115.262, 1512,0,0",45,1
06/Oct/2019 03:31:26,RockBLOCK 15994,MO,2d302e342c2038353330312c20313432392c202033372e3134342c2d3131352e3236322c20313531312c302c30,"37.13645,-115.2155","-0.4, 85301, 1429,  37.144,-115.262, 1511,0,0",45,1
06/Oct/2019 03:28:18,RockBLOCK 15994,MO,2d322e392c2038353331302c20313432382c202033372e3134342c2d3131352e3236322c20313531312c302c30,"37.14686666666667,-115.27545","-2.9, 85310, 1428,  37.144,-115.262, 1511,0,0",45,1
06/Oct/2019 03:23:18,RockBLOCK 15994,MO,2d362e362c2038313638352c20313738312c202033372e3133382c2d3131352e3236392c20313932382c302c30,"37.14686666666667,-115.27545","-6.6, 81685, 1781,  37.138,-115.269, 1928,0,0",45,1
06/Oct/2019 03:20:05,RockBLOCK 15994,MO,2d382e332c2037383534352c20323039372c202033372e3133352c2d3131352e3237372c20323235322c302c30,"37.1756,-115.27545","-8.3, 78545, 2097,  37.135,-115.277, 2252,0,0",45,1
06/Oct/2019 03:16:51,RockBLOCK 15994,MO,2d392e382c2037353539372c20323430332c202033372e3133362c2d3131352e3238332c20323538352c302c30,"37.14686666666667,-115.27545","-9.8, 75597, 2403,  37.136,-115.283, 2585,0,0",45,1
06/Oct/2019 03:13:41,RockBLOCK 15994,MO,2d31312e322c2037323632382c20323732322c202033372e3134312c2d3131352e3238392c20323931302c302c30,"37.09843333333333,-115.25623333333333","-11.2, 72628, 2722,  37.141,-115.289, 2910,0,0",46,1
06/Oct/2019 03:10:30,RockBLOCK 15994,MO,2d31322e372c2037303330302c20323937392c202033372e3135332c2d3131352e3330312c20333135342c302c30,"37.18598333333333,-115.33545","-12.7, 70300, 2979,  37.153,-115.301, 3154,0,0",46,1
06/Oct/2019 03:07:27,RockBLOCK 15994,MO,2d31342e342c2036383430352c20333139332c202033372e3137312c2d3131352e3332302c20333430342c302c30,"37.14791666666667,-115.37616666666666","-14.4, 68405, 3193,  37.171,-115.320, 3404,0,0",46,1
06/Oct/2019 03:04:17,RockBLOCK 15994,MO,2d31362e312c2036353731352c20333530362c202033372e3138332c2d3131352e3333392c20333738362c302c30,"37.17665,-115.37616666666666","-16.1, 65715, 3506,  37.183,-115.339, 3786,0,0",46,1
06/Oct/2019 03:01:06,RockBLOCK 15994,MO,2d31372e382c2036323938382c20333833342c202033372e3139312c2d3131352e3335352c20343131342c302c30,"37.18873333333333,-115.63775","-17.8, 62988, 3834,  37.191,-115.355, 4114,0,0",46,1
06/Oct/2019 02:56:46,RockBLOCK 15994,MO,2d32302e322c2035393038352c20343332342c202033372e3139392c2d3131352e3338312c20343630332c302c30,"37.18698333333333,-115.4362","-20.2, 59085, 4324,  37.199,-115.381, 4603,0,0",46,1
06/Oct/2019 02:53:34,RockBLOCK 15994,MO,2d32322e302c2035363735302c20343633302c202033372e3230312c2d3131352e3430332c20343933342c302c30,"37.1973,-115.49628333333334","-22.0, 56750, 4630,  37.201,-115.403, 4934,0,0",46,1
06/Oct/2019 02:50:21,RockBLOCK 15994,MO,2d32332e372c2035343135392c20343938322c202033372e3230352c2d3131352e3432342c20353331312c302c30,"37.29155,-117.85736666666666","-23.7, 54159, 4982,  37.205,-115.424, 5311,0,0",46,1
06/Oct/2019 02:47:09,RockBLOCK 15994,MO,2d32352e332c2035313331342c20353338342c202033372e3231312c2d3131352e3434372c20353735322c302c30,"37.21745,-115.63775","-25.3, 51314, 5384,  37.211,-115.447, 5752,0,0",46,1
06/Oct/2019 02:44:02,RockBLOCK 15994,MO,2d32362e382c2034383430372c20353831332c202033372e3231352c2d3131352e3437352c20363230302c302c30,"37.227666666666664,-115.6979","-26.8, 48407, 5813,  37.215,-115.475, 6200,0,0",46,1
06/Oct/2019 02:40:49,RockBLOCK 15994,MO,2d32382e342c2034363035372c20363137362c202033372e3232312c2d3131352e3530332c20363536312c302c30,"37.2363,-115.55641666666666","-28.4, 46057, 6176,  37.221,-115.503, 6561,0,0",46,1
06/Oct/2019 02:37:35,RockBLOCK 15994,MO,2d32392e392c2034333937332c20363531312c202033372e3232342c2d3131352e3533362c20363934302c302c30,"37.2354,-115.45558333333334","-29.9, 43973, 6511,  37.224,-115.536, 6940,0,0",46,1
06/Oct/2019 02:34:20,RockBLOCK 15994,MO,2d33312e392c2034303731302c20373036322c202033372e3232382c2d3131352e3538332c20373534302c302c30,"37.1879,-115.53696666666667","-31.9, 40710, 7062,  37.228,-115.583, 7540,0,0",46,1
06/Oct/2019 02:30:09,RockBLOCK 15994,MO,2d33332e322c2033383037392c20373533332c202033372e3232382c2d3131352e3632312c20383033382c302c30,"37.22403333333333,-115.2947","-33.2, 38079, 7533,  37.228,-115.621, 8038,0,0",46,1
06/Oct/2019 02:27:00,RockBLOCK 15994,MO,2d33342e332c2033353631382c20373939382c202033372e3232362c2d3131352e3635382c20383531382c302c30,"37.24375,-115.31398333333334","-34.3, 35618, 7998,  37.226,-115.658, 8518,0,0",46,1
06/Oct/2019 02:23:50,RockBLOCK 15994,MO,2d33352e342c2033333630332c20383339382c202033372e3232372c2d3131352e3639362c20383931342c302c30,"37.1793,-115.67836666666666","-35.4, 33603, 8398,  37.227,-115.696, 8914,0,0",46,1
06/Oct/2019 02:20:36,RockBLOCK 15994,MO,2d33362e332c2033313831352c20383737302c202033372e3232362c2d3131352e3733312c20393330322c302c30,"37.2363,-115.55641666666666","-36.3, 31815, 8770,  37.226,-115.731, 9302,0,0",46,1
06/Oct/2019 02:17:21,RockBLOCK 15994,MO,2d33372e312c2032393932372c20393138332c202033372e3232352c2d3131352e3736342c20393734352c302c30,"37.18001666666667,-115.77911666666667","-37.1, 29927, 9183,  37.225,-115.764, 9745,0,0",46,1
06/Oct/2019 02:14:08,RockBLOCK 15994,MO,2d33372e352c2032373833372c20393636332c202033372e3139382c2d3131382e3732302c31363333302c302c30,"37.227666666666664,-115.6979","-37.5, 27837, 9663,  37.198,-118.720,16330,0,0",46,1
06/Oct/2019 02:10:46,RockBLOCK 15994,MO,2d33372e392c2032363238362c31303033392c202033372e3139382c2d3131382e3732302c31363333302c302c30,"37.142383333333335,-115.9204","-37.9, 26286,10039,  37.198,-118.720,16330,0,0",46,1
06/Oct/2019 02:07:34,RockBLOCK 15994,MO,2d33382e332c2032353034332c31303335332c202033372e3139382c2d3131382e3732302c31363333302c302c30,"37.18063333333333,-115.87986666666667","-38.3, 25043,10353,  37.198,-118.720,16330,0,0",46,1
06/Oct/2019 02:04:22,RockBLOCK 15994,MO,2d33382e342c2032333634312c31303732342c202033372e3139382c2d3131382e3732302c31363333302c302c30,"37.19963333333333,-115.79871666666666","-38.4, 23641,10724,  37.198,-118.720,16330,0,0",46,1
06/Oct/2019 02:01:06,RockBLOCK 15994,MO,2d33382e332c2032323034362c31313136382c202033372e3139382c2d3131382e3732302c31363333302c302c30,"37.248,-115.81836666666666","-38.3, 22046,11168,  37.198,-118.720,16330,0,0",46,1
06/Oct/2019 01:57:09,RockBLOCK 15994,MO,2d33372e392c2032303435372c31313633362c202033372e3139382c2d3131382e3732302c31363333302c302c30,"37.33388333333333,-115.69638333333333","-37.9, 20457,11636,  37.198,-118.720,16330,0,0",46,1
06/Oct/2019 01:52:20,RockBLOCK 15994,MO,2d33372e322c2031393137392c31323033352c202033372e3139382c2d3131382e3732302c31363333302c302c30,"37.2295,-116.00036666666666","-37.2, 19179,12035,  37.198,-118.720,16330,0,0",46,1
06/Oct/2019 01:49:00,RockBLOCK 15994,MO,2d33362e332c2031373932382c31323434372c202033372e3139382c2d3131382e3732302c31363333302c302c30,"37.14365,-116.22256666666667","-36.3, 17928,12447,  37.198,-118.720,16330,0,0",46,1
06/Oct/2019 01:45:40,RockBLOCK 15994,MO,2d33352e342c2031363932312c31323739362c202033372e3139382c2d3131382e3732302c31363333302c302c30,"37.15326666666667,-116.18213333333334","-35.4, 16921,12796,  37.198,-118.720,16330,0,0",46,1
06/Oct/2019 01:42:31,RockBLOCK 15994,MO,2d33342e332c2031363230312c31333035362c202033372e3139382c2d3131382e3732302c31363333302c302c30,"37.19193333333333,-116.24248333333334","-34.3, 16201,13056,  37.198,-118.720,16330,0,0",46,1
06/Oct/2019 01:38:45,RockBLOCK 15994,MO,2d33332e312c2031353439302c31333332322c202033372e3139382c2d3131382e3732302c31363333302c302c30,"37.32653333333333,-116.14093333333334","-33.1, 15490,13322,  37.198,-118.720,16330,0,0",46,1
06/Oct/2019 01:35:32,RockBLOCK 15994,MO,2d33322e332c2031343939352c31333531332c202033372e3139382c2d3131382e3732302c31363333302c302c30,"37.22088333333333,-116.34328333333333","-32.3, 14995,13513,  37.198,-118.720,16330,0,0",46,1
06/Oct/2019 01:32:18,RockBLOCK 15994,MO,2d33312e362c2031343532372c31333639382c202033372e3139382c2d3131382e3732302c31363333302c302c30,"37.14411666666667,-116.62548333333334","-31.6, 14527,13698,  37.198,-118.720,16330,0,0",46,1
06/Oct/2019 01:27:12,RockBLOCK 15994,MO,2d33302e352c2031343139362c31333833322c202033372e3139382c2d3131382e3732302c31363333302c302c30,"37.192366666666665,-116.54488333333333","-30.5, 14196,13832,  37.198,-118.720,16330,0,0",46,1
06/Oct/2019 01:23:57,RockBLOCK 15994,MO,2d32392e362c2031333837342c31333936352c202033372e3139382c2d3131382e3732302c31363333302c302c30,"37.18261666666667,-116.5852","-29.6, 13874,13965,  37.198,-118.720,16330,0,0",46,1
06/Oct/2019 01:20:45,RockBLOCK 15994,MO,2d32382e392c2031333534362c31343130332c202033372e3139382c2d3131382e3732302c31363333302c302c30,"37.18241666666667,-116.78673333333333","-28.9, 13546,14103,  37.198,-118.720,16330,0,0",46,1
06/Oct/2019 01:17:33,RockBLOCK 15994,MO,2d32382e342c2031333335342c31343138352c202033372e3139382c2d3131382e3732302c31363333302c302c30,"37.15271666666667,-117.08901666666667","-28.4, 13354,14185,  37.198,-118.720,16330,0,0",46,1
06/Oct/2019 01:14:18,RockBLOCK 15994,MO,2d32372e392c2031333239392c31343230392c202033372e3139382c2d3131382e3732302c31363333302c302c30,"37.181866666666664,-116.98825","-27.9, 13299,14209,  37.198,-118.720,16330,0,0",46,1
06/Oct/2019 01:11:07,RockBLOCK 15994,MO,2d32372e342c2031333133342c31343238302c202033372e3139382c2d3131382e3732302c31363333302c302c30,"37.19175,-116.94808333333333","-27.4, 13134,14280,  37.198,-118.720,16330,0,0",46,1
06/Oct/2019 01:07:56,RockBLOCK 15994,MO,2d32372e312c2031323930342c31343338312c202033372e3139382c2d3131382e3732302c31363333302c302c30,"37.19038333333334,-117.25046666666667","-27.1, 12904,14381,  37.198,-118.720,16330,0,0",46,1
06/Oct/2019 01:04:39,RockBLOCK 15994,MO,2d32362e382c2031323830372c31343432342c202033372e3139382c2d3131382e3732302c31363333302c302c30,"37.317083333333336,-116.88806666666666","-26.8, 12807,14424,  37.198,-118.720,16330,0,0",46,1
06/Oct/2019 01:01:26,RockBLOCK 15994,MO,2d32362e362c2031323737372c31343433382c202033372e3139382c2d3131382e3732302c31363333302c302c30,"37.23905,-117.17025","-26.6, 12777,14438,  37.198,-118.720,16330,0,0",46,1
06/Oct/2019 00:57:39,RockBLOCK 15994,MO,2d32362e342c2031323538392c31343532322c202033372e3139382c2d3131382e3732302c31363333302c302c30,"37.28718333333333,-117.19086666666666","-26.4, 12589,14522,  37.198,-118.720,16330,0,0",46,1
06/Oct/2019 00:54:27,RockBLOCK 15994,MO,2d32362e342c2031323436302c31343538302c202033372e3139382c2d3131382e3732302c31363333302c302c30,"37.237116666666665,-117.47281666666666","-26.4, 12460,14580,  37.198,-118.720,16330,0,0",46,1
06/Oct/2019 00:51:17,RockBLOCK 15994,MO,2d32362e342c2031323237362c31343636342c202033372e3139382c2d3131382e3732302c31363333302c302c30,"37.190916666666666,-117.14966666666666","-26.4, 12276,14664,  37.198,-118.720,16330,0,0",46,1
06/Oct/2019 00:48:05,RockBLOCK 15994,MO,2d32362e332c2031323135392c31343731382c202033372e3139382c2d3131382e3732302c31363333302c302c30,"37.32585,-117.1507","-26.3, 12159,14718,  37.198,-118.720,16330,0,0",46,1
06/Oct/2019 00:44:52,RockBLOCK 15994,MO,2d32362e312c2031323038302c31343735352c202033372e3139382c2d3131382e3732302c31363333302c302c30,"37.31365,-118.36188333333334","-26.1, 12080,14755,  37.198,-118.720,16330,0,0",46,1
06/Oct/2019 00:41:40,RockBLOCK 15994,MO,2d32362e302c2031313935312c31343831352c202033372e3139382c2d3131382e3732302c31363333302c302c30,"37.27458333333333,-118.4016","-26.0, 11951,14815,  37.198,-118.720,16330,0,0",46,1
06/Oct/2019 00:38:28,RockBLOCK 15994,MO,2d32352e362c2031313838382c31343834352c202033372e3139382c2d3131382e3732302c31363333302c302c30,"37.24021666666667,-116.26243333333333","-25.6, 11888,14845,  37.198,-118.720,16330,0,0",46,1
06/Oct/2019 00:34:40,RockBLOCK 15994,MO,2d32352e322c2031313831352c31343837392c202033372e3139382c2d3131382e3732302c31363333302c302c30,"37.2295,-116.00036666666666","-25.2, 11815,14879,  37.198,-118.720,16330,0,0",46,1
06/Oct/2019 00:31:27,RockBLOCK 15994,MO,2d32342e392c2031313738382c31343839322c202033372e3139382c2d3131382e3732302c31363333302c302c30,"37.23951666666667,-116.06068333333333","-24.9, 11788,14892,  37.198,-118.720,16330,0,0",46,1
06/Oct/2019 00:28:12,RockBLOCK 15994,MO,2d32342e362c2031313735352c31343930382c202033372e3139382c2d3131382e3732302c31363333302c302c30,"37.18975,-117.35125","-24.6, 11755,14908,  37.198,-118.720,16330,0,0",46,1
06/Oct/2019 00:24:23,RockBLOCK 15994,MO,2d32342e342c2031313637352c31343934372c202033372e3139382c2d3131382e3732302c31363333302c302c30,"37.27815,-117.02921666666667","-24.4, 11675,14947,  37.198,-118.720,16330,0,0",46,1
06/Oct/2019 00:21:08,RockBLOCK 15994,MO,2d32342e322c2031313632392c31343936382c202033372e3139382c2d3131382e3732302c31363333302c302c30,"37.3655,-116.80748333333334","-24.2, 11629,14968,  37.198,-118.720,16330,0,0",46,1
06/Oct/2019 00:18:34,RockBLOCK 15994,MO,,"37.22705,-117.51283333333333",,0,1
06/Oct/2019 00:14:38,RockBLOCK 15994,MO,2d32342e302c2031313639362c31343933362c202033372e3139382c2d3131382e3732302c31363333302c302c30,"37.276583333333335,-117.3319","-24.0, 11696,14936,  37.198,-118.720,16330,0,0",46,1
06/Oct/2019 00:10:52,RockBLOCK 15994,MO,2d32332e382c2031313639372c31343933352c202033372e3139382c2d3131382e3732302c31363333302c302c30,"37.237116666666665,-117.47281666666666","-23.8, 11697,14935,  37.198,-118.720,16330,0,0",46,1
06/Oct/2019 00:06:43,RockBLOCK 15994,MO,2d32332e372c2031313537362c31343939342c202033372e3139382c2d3131382e3732302c31363333302c302c30,"37.28436666666666,-117.59456666666667","-23.7, 11576,14994,  37.198,-118.720,16330,0,0",46,1
06/Oct/2019 00:02:54,RockBLOCK 15994,MO,2d32332e382c2031313533362c31353031332c202033372e3139382c2d3131382e3732302c31363333302c302c30,"37.31388333333334,-117.49365","-23.8, 11536,15013,  37.198,-118.720,16330,0,0",46,1
05/Oct/2019 23:59:05,RockBLOCK 15994,MO,2d32332e382c2031313437312c31353034342c202033372e3139382c2d3131382e3732302c31363333302c302c30,"37.23441666666667,-117.77533333333334","-23.8, 11471,15044,  37.198,-118.720,16330,0,0",46,1
05/Oct/2019 23:55:53,RockBLOCK 15994,MO,2d32342e302c2031313531372c31353032322c202033372e3139382c2d3131382e3732302c31363333302c302c30,"37.1864,-117.75433333333334","-24.0, 11517,15022,  37.198,-118.720,16330,0,0",46,1
05/Oct/2019 23:51:28,RockBLOCK 15994,MO,2d32342e312c2031313434342c31353035382c202033372e3139382c2d3131382e3732302c31363333302c302c30,"37.19441666666667,-117.91601666666666","-24.1, 11444,15058,  37.198,-118.720,16330,0,0",46,1
05/Oct/2019 23:48:17,RockBLOCK 15994,MO,2d32332e392c2031313331322c31353132322c202033372e3139382c2d3131382e3732302c31363333302c302c30,"37.242416666666664,-117.93713333333334","-23.9, 11312,15122,  37.198,-118.720,16330,0,0",46,1
05/Oct/2019 23:42:39,RockBLOCK 15994,MO,2d32332e372c2031313430342c31353037372c202033372e3139382c2d3131382e3732302c31363333302c302c30,"37.29155,-117.85736666666666","-23.7, 11404,15077,  37.198,-118.720,16330,0,0",46,1
05/Oct/2019 23:39:30,RockBLOCK 15994,MO,2d32332e352c2031313436322c31353035302c202033372e3139382c2d3131382e3732302c31363333302c302c30,"37.11245,-118.2977","-23.5, 11462,15050,  37.198,-118.720,16330,0,0",46,1
05/Oct/2019 23:36:22,RockBLOCK 15994,MO,2d32332e322c2031313430322c31353037382c202033372e3139382c2d3131382e3732302c31363333302c302c30,"37.11245,-118.2977","-23.2, 11402,15078,  37.198,-118.720,16330,0,0",46,1
05/Oct/2019 23:33:12,RockBLOCK 15994,MO,2d32322e382c2031313234352c31353135352c202033372e3139382c2d3131382e3732302c31363333302c302c30,"37.141216666666665,-118.2977","-22.8, 11245,15155,  37.198,-118.720,16330,0,0",46,1
05/Oct/2019 23:29:58,RockBLOCK 15994,MO,2d32322e362c2031313130382c31353232332c202033372e3139382c2d3131382e3732302c31363333302c302c30,"37.178783333333335,-118.35873333333333","-22.6, 11108,15223,  37.198,-118.720,16330,0,0",46,1
05/Oct/2019 23:26:06,RockBLOCK 15994,MO,2d32322e342c2031313130302c31353232372c202033372e3139382c2d3131382e3732302c31363333302c302c30,"37.18913333333333,-118.31906666666667","-22.4, 11100,15227,  37.198,-118.720,16330,0,0",46,1
05/Oct/2019 23:22:52,RockBLOCK 15994,MO,2d32322e332c2031303939372c31353237392c202033372e3139382c2d3131382e3732302c31363333302c302c30,"37.177216666666666,-118.45943333333334","-22.3, 10997,15279,  37.198,-118.720,16330,0,0",46,1
05/Oct/2019 23:16:19,RockBLOCK 15994,MO,2d32322e312c2031303830302c31353337382c202033372e3139382c2d3131382e3732302c31363333302c302c30,"37.184266666666666,-118.62123333333334","-22.1, 10800,15378,  37.198,-118.720,16330,0,0",46,1
05/Oct/2019 23:13:08,RockBLOCK 15994,MO,2d32322e302c2031303835382c31353334392c202033372e3139382c2d3131382e3732302c31363333302c302c30,"37.23385,-118.54206666666667","-22.0, 10858,15349,  37.198,-118.720,16330,0,0",46,1
05/Oct/2019 23:09:53,RockBLOCK 15994,MO,2d32322e302c2031303737382c31353339302c202033372e3139382c2d3131382e3732302c31363333302c302c30,"37.1806,-118.82263333333333","-22.0, 10778,15390,  37.198,-118.720,16330,0,0",46,1
05/Oct/2019 23:06:41,RockBLOCK 15994,MO,2d32312e382c2031303736332c31353339382c202033372e3139382c2d3131382e3732302c31363333302c302c30,"37.184266666666666,-118.62123333333334","-21.8, 10763,15398,  37.198,-118.720,16330,0,0",46,1
05/Oct/2019 23:02:50,RockBLOCK 15994,MO,2d32312e372c2031303732392c31353431352c202033372e3139382c2d3131382e3732302c31363333302c302c30,"37.19295,-118.6824","-21.7, 10729,15415,  37.198,-118.720,16330,0,0",46,1
05/Oct/2019 22:59:01,RockBLOCK 15994,MO,2d32312e362c2031303637302c31353434352c202033372e3139382c2d3131382e3732302c31363333302c302c30,"37.18716666666667,-118.98455","-21.6, 10670,15445,  37.198,-118.720,16330,0,0",46,1
05/Oct/2019 22:55:42,RockBLOCK 15994,MO,2d32312e362c2031303534302c31353531332c202033372e3230312c2d3131382e3733392c31363335392c302c30,"37.34648333333333,-121.8473","-21.6, 10540,15513,  37.201,-118.739,16359,0,0",46,1
05/Oct/2019 22:52:26,RockBLOCK 15994,MO,2d32312e352c2031303530322c31353533322c202033372e3230352c2d3131382e3736392c31363336382c302c30,"37.192233333333334,-119.61068333333333","-21.5, 10502,15532,  37.205,-118.769,16368,0,0",46,1
05/Oct/2019 22:49:18,RockBLOCK 15994,MO,2d32312e352c2031303434342c31353536322c202033372e3230382c2d3131382e3739392c31363339372c302c30,"37.24248333333333,-119.53223333333334","-21.5, 10444,15562,  37.208,-118.799,16397,0,0",46,1
05/Oct/2019 22:46:04,RockBLOCK 15994,MO,2d32312e352c2031303434302c31353536352c202033372e3230392c2d3131382e3833312c31363430352c302c30,"37.239916666666666,-119.63296666666666","-21.5, 10440,15565,  37.209,-118.831,16405,0,0",46,1
05/Oct/2019 22:40:28,RockBLOCK 15994,MO,2d32312e332c2031303331352c31353633312c202033372e3231302c2d3131382e3838342c31363438332c302c30,"37.22841666666667,-118.84436666666667","-21.3, 10315,15631,  37.210,-118.884,16483,0,0",46,1
05/Oct/2019 22:37:16,RockBLOCK 15994,MO,2d32312e312c2031303234382c31353636362c202033372e3230382c2d3131382e3932322c31363531352c302c30,"37.13085,-118.90153333333333","-21.1, 10248,15666,  37.208,-118.922,16515,0,0",46,1
05/Oct/2019 22:36:19,RockBLOCK 15994,MO,,"37.22643333333333,-118.94511666666666",,0,1
05/Oct/2019 22:32:33,RockBLOCK 15994,MO,2d32302e392c2031303233362c31353637322c202033372e3230352c2d3131382e3935342c31363532382c302c30,"37.181666666666665,-118.1573","-20.9, 10236,15672,  37.205,-118.954,16528,0,0",46,1
05/Oct/2019 22:29:24,RockBLOCK 15994,MO,2d32302e382c2031303230372c31353638382c202033372e3230302c2d3131382e3938342c31363534342c302c30,"37.211866666666666,-116.56505","-20.8, 10207,15688,  37.200,-118.984,16544,0,0",46,1
05/Oct/2019 22:24:22,RockBLOCK 15994,MO,2d32302e372c2031303132342c31353733322c202033372e3139332c2d3131392e3033302c31363538352c302c30,"37.319916666666664,-119.08968333333334","-20.7, 10124,15732,  37.193,-119.030,16585,0,0",46,1
05/Oct/2019 22:21:11,RockBLOCK 15994,MO,2d32302e362c2031303131332c31353733392c202033372e3138372c2d3131392e3036322c31363630332c302c30,"37.23031666666667,-118.74361666666667","-20.6, 10113,15739,  37.187,-119.062,16603,0,0",46,1
05/Oct/2019 22:16:45,RockBLOCK 15994,MO,2d32302e342c2031303036372c31353736332c202033372e3137382c2d3131392e3130342c31363632362c302c30,"37.242583333333336,-118.60325","-20.4, 10067,15763,  37.178,-119.104,16626,0,0",46,1
05/Oct/2019 22:13:34,RockBLOCK 15994,MO,2d32302e322c2031303032382c31353738342c202033372e3137302c2d3131392e3133362c31363636332c302c30,"37.17863333333333,-118.9233","-20.2, 10028,15784,  37.170,-119.136,16663,0,0",46,1
05/Oct/2019 22:08:31,RockBLOCK 15994,MO,2d31392e392c2020393839362c31353835362c202033372e3135362c2d3131392e3138312c31363732352c302c30,"37.1435,-119.22523333333334","-19.9,  9896,15856,  37.156,-119.181,16725,0,0",46,1
05/Oct/2019 22:04:45,RockBLOCK 15994,MO,2d31392e372c2020393931332c31353834372c202033372e3134342c2d3131392e3231382c31363732372c302c30,"37.27815,-118.76531666666666","-19.7,  9913,15847,  37.144,-119.218,16727,0,0",46,1
05/Oct/2019 21:57:26,RockBLOCK 15994,MO,2d31392e312c2020393738332c31353931382c202033372e3131372c2d3131392e3239372c31363830362c302c30,"37.091116666666665,-119.40433333333333","-19.1,  9783,15918,  37.117,-119.297,16806,0,0",46,1
05/Oct/2019 21:53:41,RockBLOCK 15994,MO,2d31382e392c2020393731372c31353935352c202033372e3130332c2d3131392e3334312c31363834322c302c30,"37.14951666666666,-119.3872","-18.9,  9717,15955,  37.103,-119.341,16842,0,0",46,1
05/Oct/2019 21:50:28,RockBLOCK 15994,MO,2d31382e382c2020393639372c31353936362c202033372e3039332c2d3131392e3338312c31363836322c302c30,"37.091116666666665,-119.40433333333333","-18.8,  9697,15966,  37.093,-119.381,16862,0,0",46,1
05/Oct/2019 21:47:14,RockBLOCK 15994,MO,2d31382e362c2020393633322c31363030322c202033372e3038322c2d3131392e3431392c31363839322c302c30,"37.18403333333333,-119.54923333333333","-18.6,  9632,16002,  37.082,-119.419,16892,0,0",46,1
05/Oct/2019 21:41:40,RockBLOCK 15994,MO,2d31382e332c2020393631362c31363031312c202033372e3036362c2d3131392e3438362c31363930322c302c30,"37.22365,-119.87348333333334","-18.3,  9616,16011,  37.066,-119.486,16902,0,0",46,1
05/Oct/2019 21:38:25,RockBLOCK 15994,MO,2d31382e312c2020393630322c31363031392c202033372e3035382c2d3131392e3532372c31363931332c302c30,"37.07058333333333,-119.46565","-18.1,  9602,16019,  37.058,-119.527,16913,0,0",46,1
05/Oct/2019 21:33:59,RockBLOCK 15994,MO,2d31372e362c2020393536382c31363033382c202033372e3034372c2d3131392e3539312c31363932392c302c30,"37.05473333333333,-119.7058","-17.6,  9568,16038,  37.047,-119.591,16929,0,0",46,1
05/Oct/2019 21:30:04,RockBLOCK 15994,MO,2d31372e332c2020393536302c31363034332c202033372e3034302c2d3131392e3633332c31363934372c302c30,"37.144466666666666,-119.95161666666667","-17.3,  9560,16043,  37.040,-119.633,16947,0,0",46,1
05/Oct/2019 21:25:35,RockBLOCK 15994,MO,2d31372e312c2020393532372c31363036312c202033372e3033322c2d3131392e3638372c31363937302c302c30,"37.052033333333334,-119.80626666666667","-17.1,  9527,16061,  37.032,-119.687,16970,0,0",46,1
05/Oct/2019 21:21:51,RockBLOCK 15994,MO,2d31372e302c2020393530322c31363037352c202033372e3032352c2d3131392e3733352c31363938362c302c30,"36.99081666666667,-119.92325","-17.0,  9502,16075,  37.025,-119.735,16986,0,0",46,1
05/Oct/2019 21:17:32,RockBLOCK 15994,MO,2d31362e392c2020393434332c31363130392c202033372e3031372c2d3131392e3739302c31373032302c302c30,"37.046366666666664,-120.0071","-16.9,  9443,16109,  37.017,-119.790,17020,0,0",46,1
05/Oct/2019 21:13:46,RockBLOCK 15994,MO,2d31362e382c2020393430392c31363132382c202033372e3031322c2d3131392e3833372c31373033382c302c30,"37.00371666666667,-120.1464","-16.8,  9409,16128,  37.012,-119.837,17038,0,0",46,1
05/Oct/2019 21:10:34,RockBLOCK 15994,MO,2d31362e382c2020393430322c31363133322c202033372e3030372c2d3131392e3837372c31373034392c302c30,"37.06046666666667,-120.49291666666667","-16.8,  9402,16132,  37.007,-119.877,17049,0,0",46,1
05/Oct/2019 21:07:19,RockBLOCK 15994,MO,2d31362e372c2020393338372c31363134312c202033372e3030332c2d3131392e3931382c31373035302c302c30,"36.997483333333335,-120.34703333333333","-16.7,  9387,16141,  37.003,-119.918,17050,0,0",46,1
05/Oct/2019 21:03:59,RockBLOCK 15994,MO,2d31362e352c2020393338352c31363134322c202033362e3939392c2d3131392e3935362c31373035342c302c30,"36.9511,-120.58625","-16.5,  9385,16142,  36.999,-119.956,17054,0,0",46,1
05/Oct/2019 20:59:40,RockBLOCK 15994,MO,2d31362e332c2020393337362c31363134372c202033362e3939352c2d3132302e3030382c31373035392c302c30,"36.96275,-120.8096","-16.3,  9376,16147,  36.995,-120.008,17059,0,0",46,1
05/Oct/2019 20:56:27,RockBLOCK 15994,MO,2d31362e312c2020393334362c31363136342c202033362e3939312c2d3132302e3034352c31373037392c302c30,"37.038983333333334,-120.83263333333333","-16.1,  9346,16164,  36.991,-120.045,17079,0,0",46,1
05/Oct/2019 20:53:14,RockBLOCK 15994,MO,2d31362e302c2020393335322c31363136312c202033362e3938382c2d3132302e3038332c31373038352c302c30,"37.046366666666664,-120.0071","-16.0,  9352,16161,  36.988,-120.083,17085,0,0",46,1
05/Oct/2019 20:50:02,RockBLOCK 15994,MO,2d31352e372c2020393334352c31363136352c202033362e3938352c2d3132302e3132392c31373039322c302c30,"37.01018333333333,-118.65711666666667","-15.7,  9345,16165,  36.985,-120.129,17092,0,0",46,1
05/Oct/2019 20:49:12,RockBLOCK 15994,MO,,"37.01018333333333,-118.65711666666667",,0,1
05/Oct/2019 20:45:59,RockBLOCK 15994,MO,2d31352e352c2020393330392c31363138362c202033362e3938322c2d3132302e3136352c31373130362c302c30,"37.05108333333333,-118.5171","-15.5,  9309,16186,  36.982,-120.165,17106,0,0",46,1
05/Oct/2019 20:42:44,RockBLOCK 15994,MO,2d31352e332c2020393330342c31363138392c202033362e3938302c2d3132302e3230302c31373131322c302c30,"37.0044,-119.78391666666667","-15.3,  9304,16189,  36.980,-120.200,17112,0,0",46,1
05/Oct/2019 20:39:33,RockBLOCK 15994,MO,2d31352e312c2020393238342c31363230302c202033362e3937392c2d3132302e3233352c31373132312c302c30,"37.13545,-120.25318333333334","-15.1,  9284,16200,  36.979,-120.235,17121,0,0",46,1
05/Oct/2019 20:36:18,RockBLOCK 15994,MO,2d31342e392c2020393236382c31363230392c202033362e3937372c2d3132302e3237322c31373134382c302c30,"37.059133333333335,-120.23051666666667","-14.9,  9268,16209,  36.977,-120.272,17148,0,0",46,1
05/Oct/2019 20:32:27,RockBLOCK 15994,MO,2d31342e372c2020393236372c31363231302c202033362e3937362c2d3132302e3331322c31373133372c302c30,"36.99583333333333,-120.08495","-14.7,  9267,16210,  36.976,-120.312,17137,0,0",46,1
05/Oct/2019 20:29:16,RockBLOCK 15994,MO,2d31342e352c2020393234312c31363232352c202033362e3937352c2d3132302e3334352c31373135382c302c30,"36.96703333333333,-120.08495","-14.5,  9241,16225,  36.975,-120.345,17158,0,0",46,1
05/Oct/2019 20:26:05,RockBLOCK 15994,MO,2d31342e332c2020393232392c31363233322c202033362e3937342c2d3132302e3337382c31373136362c302c30,"36.962,-119.92325","-14.3,  9229,16232,  36.974,-120.378,17166,0,0",46,1
05/Oct/2019 20:22:52,RockBLOCK 15994,MO,2d31342e322c2020393138342c31363235382c202033362e3937312c2d3132302e3432312c31373139382c302c30,"37.10798333333334,-120.51576666666666","-14.2,  9184,16258,  36.971,-120.421,17198,0,0",46,1
05/Oct/2019 20:18:31,RockBLOCK 15994,MO,2d31342e312c2020393138342c31363235382c202033362e3937302c2d3132302e3435322c31373139342c302c30,"36.9531,-120.22408333333334","-14.1,  9184,16258,  36.970,-120.452,17194,0,0",46,1
05/Oct/2019 20:15:18,RockBLOCK 15994,MO,2d31332e382c2020393133322c31363238382c202033362e3936382c2d3132302e3439322c31373233332c302c30,"36.997483333333335,-120.34703333333333","-13.8,  9132,16288,  36.968,-120.492,17233,0,0",46,1
05/Oct/2019 20:11:08,RockBLOCK 15994,MO,2d31332e352c2020393130392c31363330322c202033362e3936382c2d3132302e3532332c31373234302c302c30,"36.95771666666667,-120.3858","-13.5,  9109,16302,  36.968,-120.523,17240,0,0",46,1
05/Oct/2019 20:07:52,RockBLOCK 15994,MO,2d31332e322c2020393038392c31363331332c202033362e3936372c2d3132302e3535322c31373235372c302c30,"37.0096,-120.57041666666667","-13.2,  9089,16313,  36.967,-120.552,17257,0,0",46,1
05/Oct/2019 20:03:30,RockBLOCK 15994,MO,2d31322e392c2020393130342c31363330352c202033362e3936372c2d3132302e3539332c31373234362c302c30,"37.05365,-120.69366666666667","-12.9,  9104,16305,  36.967,-120.593,17246,0,0",46,1
05/Oct/2019 19:59:11,RockBLOCK 15994,MO,2d31322e352c2020393039352c31363331302c202033362e3936372c2d3132302e3633352c31373235362c302c30,"37.0096,-120.57041666666667","-12.5,  9095,16310,  36.967,-120.635,17256,0,0",46,1
05/Oct/2019 19:55:18,RockBLOCK 15994,MO,2d31322e332c2020393034372c31363333382c202033362e3936352c2d3132302e3637312c31373238382c302c30,"36.96975,-120.60911666666667","-12.3,  9047,16338,  36.965,-120.671,17288,0,0",46,1
05/Oct/2019 19:52:00,RockBLOCK 15994,MO,2d31322e322c2020393033362c31363334352c202033362e3936342c2d3132302e3730332c31373330362c302c30,"36.9153,-120.78659999999999","-12.2,  9036,16345,  36.964,-120.703,17306,0,0",46,1
05/Oct/2019 19:47:36,RockBLOCK 15994,MO,2d31312e392c2020393030392c31363336312c202033362e3936332c2d3132302e3734362c31373331352c302c30,"36.922266666666665,-120.58625","-11.9,  9009,16361,  36.963,-120.746,17315,0,0",46,1
05/Oct/2019 19:44:21,RockBLOCK 15994,MO,2d31312e372c2020383938342c31363337352c202033362e3936302c2d3132302e3737392c31373334342c302c30,"36.91883333333333,-120.68643333333333","-11.7,  8984,16375,  36.960,-120.779,17344,0,0",46,1
05/Oct/2019 19:39:16,RockBLOCK 15994,MO,2d31312e362c2020383933352c31363430352c202033362e3935362c2d3132302e3832352c31373337352c302c30,"36.96275,-120.8096","-11.6,  8935,16405,  36.956,-120.825,17375,0,0",46,1
05/Oct/2019 19:36:05,RockBLOCK 15994,MO,2d31312e342c2020383839362c31363432382c202033362e3935312c2d3132302e3835352c31373339382c302c30,"37.093716666666666,-121.1799","-11.4,  8896,16428,  36.951,-120.855,17398,0,0",46,1
05/Oct/2019 19:32:18,RockBLOCK 15994,MO,2d31312e342c2020383833392c31363436312c202033362e3934352c2d3132302e3838392c31373433312c302c30,"37.01018333333333,-120.83263333333333","-11.4,  8839,16461,  36.945,-120.889,17431,0,0",46,1
05/Oct/2019 19:29:08,RockBLOCK 15994,MO,2d31312e352c2020383832312c31363437322c202033362e3933372c2d3132302e3931382c31373435352c302c30,"36.915416666666665,-121.04846666666667","-11.5,  8821,16472,  36.937,-120.918,17455,0,0",46,1
05/Oct/2019 19:25:58,RockBLOCK 15994,MO,2d31312e372c2020383739392c31363438362c202033362e3932392c2d3132302e3934372c31373436332c302c30,"37.04241666666667,-121.25685","-11.7,  8799,16486,  36.929,-120.947,17463,0,0",46,1
05/Oct/2019 19:22:44,RockBLOCK 15994,MO,2d31312e382c2020383830332c31363438332c202033362e3932302c2d3132302e3937362c31373436302c302c30,"36.970166666666664,-121.13335","-11.8,  8803,16483,  36.920,-120.976,17460,0,0",46,1
05/Oct/2019 19:19:33,RockBLOCK 15994,MO,2d31312e362c2020383831342c31363437372c202033362e3931312c2d3132312e3030352c31373433352c302c30,"36.87153333333333,-121.18698333333333","-11.6,  8814,16477,  36.911,-121.005,17435,0,0",46,1
05/Oct/2019 19:15:48,RockBLOCK 15994,MO,2d31302e352c2020383937312c31363338332c202033362e3930342c2d3132312e3033382c31373330332c302c30,"36.87916666666667,-120.98685","-10.5,  8971,16383,  36.904,-121.038,17303,0,0",46,1
05/Oct/2019 19:12:34,RockBLOCK 15994,MO,2d382e382c2020393931302c31353834392c202033362e3930322c2d3132312e3036352c31363535332c302c30,"36.91493333333333,-121.31033333333333","-8.8,  9910,15849,  36.902,-121.065,16553,0,0",45,1
05/Oct/2019 19:09:19,RockBLOCK 15994,MO,2d362e352c2031313439312c31353033352c202033362e3930342c2d3132312e3130332c31353633392c302c30,"36.877916666666664,-121.51043333333334","-6.5, 11491,15035,  36.904,-121.103,15639,0,0",45,1
05/Oct/2019 19:05:53,RockBLOCK 15994,MO,2d332e392c2031333331342c31343230332c202033362e3930352c2d3132312e3134372c31343639302c302c30,"36.938766666666666,-123.73991666666667","-3.9, 13314,14203,  36.905,-121.147,14690,0,0",45,1
05/Oct/2019 19:02:40,RockBLOCK 15994,MO,2d312e312c2031353333392c31333338302c202033362e3839342c2d3132312e3139352c31333838322c302c30,"36.851016666666666,-123.75231666666667","-1.1, 15339,13380,  36.894,-121.195,13882,0,0",45,1
05/Oct/2019 18:59:27,RockBLOCK 15994,MO,20312e392c2031373531332c31323538392c202033362e3838332c2d3132312e3234322c31333036382c302c30,"36.88608333333333,-121.31033333333333"," 1.9, 17513,12589,  36.883,-121.242,13068,0,0",45,1
05/Oct/2019 18:56:15,RockBLOCK 15994,MO,20342e392c2032303138372c31313731392c202033362e3836392c2d3132312e3237312c31323135322c302c30,"36.830616666666664,-121.48698333333333"," 4.9, 20187,11719,  36.869,-121.271,12152,0,0",45,1
05/Oct/2019 18:53:01,RockBLOCK 15994,MO,20382e302c2032333337352c31303739362c202033362e3835392c2d3132312e3239302c31313137332c302c30,"36.91088333333333,-121.4104"," 8.0, 23375,10796,  36.859,-121.290,11173,0,0",45,1
05/Oct/2019 18:49:47,RockBLOCK 15994,MO,31302e382c2032363934322c20393837382c202033362e3834362c2d3132312e3330372c31303235302c302c30,"36.8676,-121.28701666666667","10.8, 26942, 9878,  36.846,-121.307,10250,0,0",45,1
05/Oct/2019 18:46:36,RockBLOCK 15994,MO,31332e342c2033303839332c20383936392c202033362e3833362c2d3132312e3332322c20393333312c302c30,"36.87173333333333,-120.92526666666667","13.4, 30893, 8969,  36.836,-121.322, 9331,0,0",45,1
05/Oct/2019 18:43:20,RockBLOCK 15994,MO,31382e372c2034303230392c20373135302c202033362e3831362c2d3132312e3336372c20373434312c302c30,"36.91493333333333,-121.31033333333333","18.7, 40209, 7150,  36.816,-121.367, 7441,0,0",45,1
05/Oct/2019 18:35:50,RockBLOCK 15994,MO,32302e362c2034343535342c20363431372c202033362e3830392c2d3132312e3338362c20363636322c302c30,"36.831466666666664,-121.22536666666667","20.6, 44554, 6417,  36.809,-121.386, 6662,0,0",45,1
05/Oct/2019 18:32:36,RockBLOCK 15994,MO,32322e322c2034393031362c20353732322c202033362e3830362c2d3132312e3339372c20353934302c302c30,"36.78411666666667,-121.20213333333334","22.2, 49016, 5722,  36.806,-121.397, 5940,0,0",45,1
05/Oct/2019 18:29:24,RockBLOCK 15994,MO,32332e362c2035333530382c20353037322c202033362e3830352c2d3132312e3430362c20353233362c302c30,"36.816266666666664,-121.36366666666666","23.6, 53508, 5072,  36.805,-121.406, 5236,0,0",45,1
05/Oct/2019 18:26:13,RockBLOCK 15994,MO,32342e372c2035383135342c20343434352c202033362e3831302c2d3132312e3431362c20343539352c302c30,"36.8275,-121.32535","24.7, 58154, 4445,  36.810,-121.416, 4595,0,0",45,1
05/Oct/2019 18:23:02,RockBLOCK 15994,MO,32352e362c2036333036382c20333832352c202033362e3831362c2d3132312e3432352c20333933302c302c30,"36.834716666666665,-121.38701666666667","25.6, 63068, 3825,  36.816,-121.425, 3930,0,0",45,1
05/Oct/2019 18:19:50,RockBLOCK 15994,MO,32362e332c2036383036362c20333233322c202033362e3832362c2d3132312e3432392c20333238332c302c30,"36.834716666666665,-121.38701666666667","26.3, 68066, 3232,  36.826,-121.429, 3283,0,0",45,1
05/Oct/2019 18:16:41,RockBLOCK 15994,MO,32362e392c2037333033332c20323637382c202033362e3833332c2d3132312e3433382c20323732312c302c30,"36.87075,-121.4487","26.9, 73033, 2678,  36.833,-121.438, 2721,0,0",45,1
05/Oct/2019 18:13:28,RockBLOCK 15994,MO,32372e322c2037383330352c20323132322c202033362e3833352c2d3132312e3434352c20323136302c302c30,"36.863566666666664,-121.38701666666667","27.2, 78305, 2122,  36.835,-121.445, 2160,0,0",45,1
05/Oct/2019 18:10:20,RockBLOCK 15994,MO,32372e362c2038333434302c20313630382c202033362e3833382c2d3132312e3435302c20313539332c302c30,"36.82345,-121.4253","27.6, 83440, 1608,  36.838,-121.450, 1593,0,0",45,1
05/Oct/2019 18:07:07,RockBLOCK 15994,MO,32372e392c2038383839322c20313039312c202033362e3834332c2d3132312e3434342c20313031302c302c30,"36.82345,-121.4253","27.9, 88892, 1091,  36.843,-121.444, 1010,0,0",45,1
05/Oct/2019 18:03:53,RockBLOCK 15994,MO,32382e312c2039343531302c20203538332c202033362e3834382c2d3132312e3433342c20203431372c302c30,"36.88205,-121.4104","28.1, 94510,  583,  36.848,-121.434,  417,0,0",45,1
05/Oct/2019 18:00:39,RockBLOCK 15994,MO,32382e322c3130303236312c20202038392c202033362e3835302c2d3132312e3433332c20202037372c302c30,"36.8523,-121.4253","28.2,100261,   89,  36.850,-121.433,   77,0,0",45,1
05/Oct/2019 17:57:31,RockBLOCK 15994,MO,32382e322c3130313233362c20202020372c202033362e3834392c2d3132312e3433332c20202037352c302c30,"36.82345,-121.4253","28.2,101236,    7,  36.849,-121.433,   75,0,0",45,1
05/Oct/2019 17:54:23,RockBLOCK 15994,MO,32382e312c3130313234312c20202020372c202033362e3834392c2d3132312e3433342c20202037332c302c30,"36.834716666666665,-121.38701666666667","28.1,101241,    7,  36.849,-121.434,   73,0,0",45,1
05/Oct/2019 17:51:13,RockBLOCK 15994,MO,32372e392c3130313234372c20202020372c202033362e3834392c2d3132312e3433342c20202037322c302c30,"36.87075,-121.4487","27.9,101247,    7,  36.849,-121.434,   72,0,0",45,1
05/Oct/2019 17:48:02,RockBLOCK 15994,MO,32372e352c3130313236322c20202020352c202033362e3834392c2d3132312e3433342c20202037322c302c30,"36.88205,-121.4104","27.5,101262,    5,  36.849,-121.434,   72,0,0",45,1
05/Oct/2019 17:43:55,RockBLOCK 15994,MO,32372e312c3130313236332c20202020352c202033362e3834392c2d3132312e3433342c20202037302c302c30,"36.87075,-121.4487","27.1,101263,    5,  36.849,-121.434,   70,0,0",45,1
05/Oct/2019 17:39:28,RockBLOCK 15994,MO,32362e342c3130313236352c20202020352c202033362e3834392c2d3132312e3433342c20202037302c302c30,"36.88205,-121.4104","26.4,101265,    5,  36.849,-121.434,   70,0,0",45,1
05/Oct/2019 17:36:18,RockBLOCK 15994,MO,32362e302c3130313237342c20202020342c202033362e3834392c2d3132312e3433342c20202036382c302c30,"36.82345,-121.4253","26.0,101274,    4,  36.849,-121.434,   68,0,0",45,1
05/Oct/2019 17:32:23,RockBLOCK 15994,MO,32352e332c3130313238332c20202020332c202033362e3834392c2d3132312e3433342c20202036382c302c30,"36.87075,-121.4487","25.3,101283,    3,  36.849,-121.434,   68,0,0",45,1
05/Oct/2019 17:29:09,RockBLOCK 15994,MO,32352e302c3130313237372c20202020342c202033362e3834392c2d3132312e3433342c20202037332c302c30,"36.87075,-121.4487","25.0,101277,    4,  36.849,-121.434,   73,0,0",45,1
05/Oct/2019 17:25:58,RockBLOCK 15994,MO,32342e372c3130313239332c20202020332c202033362e3834392c2d3132312e3433342c20202037332c302c30,"36.834716666666665,-121.38701666666667","24.7,101293,    3,  36.849,-121.434,   73,0,0",45,1
05/Oct/2019 17:22:12,RockBLOCK 15994,MO,32342e352c3130313239392c20202020322c202033362e3834392c2d3132312e3433342c20202037332c302c30,"36.87075,-121.4487","24.5,101299,    2,  36.849,-121.434,   73,0,0",45,1
05/Oct/2019 17:18:23,RockBLOCK 15994,MO,32342e322c3130313330352c20202020322c202033362e3834392c2d3132312e3433342c20202037342c302c30,"36.834716666666665,-121.38701666666667","24.2,101305,    2,  36.849,-121.434,   74,0,0",45,1
05/Oct/2019 17:13:10,RockBLOCK 15994,MO,32332e362c3130313330332c20202020322c202033362e3834392c2d3132312e3433342c20202037352c302c30,"36.87075,-121.4487","23.6,101303,    2,  36.849,-121.434,   75,0,0",45,1
05/Oct/2019 17:12:16,RockBLOCK 15994,MT,00000305,,,4,1
05/Oct/2019 17:11:36,RockBLOCK 15994,MO,32332e352c3130313331302c20202020312c202033362e3834392c2d3132312e3433342c20202037362c302c30,"36.863566666666664,-121.38701666666667","23.5,101310,    1,  36.849,-121.434,   76,0,0",45,1
05/Oct/2019 17:10:51,RockBLOCK 15994,MO,32332e342c3130313330362c20202020322c202033362e3834392c2d3132312e3433342c20202037362c302c30,"36.863566666666664,-121.38701666666667","23.4,101306,    2,  36.849,-121.434,   76,0,0",45,1
05/Oct/2019 17:10:08,RockBLOCK 15994,MO,32332e332c3130313330382c20202020312c202033362e3834392c2d3132312e3433342c20202037362c302c30,"36.87075,-121.4487","23.3,101308,    1,  36.849,-121.434,   76,0,0",45,1
05/Oct/2019 17:09:31,RockBLOCK 15994,MO,32332e302c3130313330392c20202020312c202033362e3834392c2d3132312e3433342c20202037362c302c30,"36.8523,-121.4253","23.0,101309,    1,  36.849,-121.434,   76,0,0",45,1
05/Oct/2019 17:08:07,RockBLOCK 15994,MO,32322e382c3130313331342c20202020312c202033362e3834392c2d3132312e3433342c20202037362c302c30,"36.863566666666664,-121.38701666666667","22.8,101314,    1,  36.849,-121.434,   76,0,0",45,1
05/Oct/2019 17:07:26,RockBLOCK 15994,MO,32322e362c3130313330362c20202020322c202033362e3834392c2d3132312e3433342c20202037362c302c30,"36.8523,-121.4253","22.6,101306,    2,  36.849,-121.434,   76,0,0",45,1
05/Oct/2019 17:06:41,RockBLOCK 15994,MO,32322e342c3130313331332c20202020312c202033362e3834392c2d3132312e3433342c20202037362c302c30,"36.82345,-121.4253","22.4,101313,    1,  36.849,-121.434,   76,0,0",45,1
05/Oct/2019 17:05:20,RockBLOCK 15994,MO,32322e322c3130313331342c20202020312c313030302e3030302c313030302e3030302c313030303030302c302c30,"36.8666,-121.5487","22.2,101314,    1,1000.000,1000.000,1000000,0,0",47,1
05/Oct/2019 17:04:38,RockBLOCK 15994,MO,32322e322c3130313331322c20202020312c313030302e3030302c313030302e3030302c313030303030302c302c30,"36.877916666666664,-121.51043333333334","22.2,101312,    1,1000.000,1000.000,1000000,0,0",47,1
05/Oct/2019 16:27:41,RockBLOCK 15994,MO,32332e322c3130313534352c20202d31382c202033372e3030332c2d3132312e3535382c20202037312c302c30,"37.041466666666665,-121.5191","23.2,101545,  -18,  37.003,-121.558,   71,0,0",45,1
05/Oct/2019 16:24:21,RockBLOCK 15994,MO,32322e302c3130313239372c20202020322c313030302e3030302c313030302e3030302c313030303030302c302c30,"37.01983333333333,-121.58096666666667","22.0,101297,    2,1000.000,1000.000,1000000,0,0",47,1
05/Oct/2019 15:58:11,RockBLOCK 15994,MO,32322e362c3130313635362c20202d32382c313030302e3030302c313030302e3030302c313030303030302c302c30,"37.36808333333333,-121.78508333333333","22.6,101656,  -28,1000.000,1000.000,1000000,0,0",47,1
05/Oct/2019 15:57:27,RockBLOCK 15994,MO,32322e362c3130313734312c20202d33352c313030302e3030302c313030302e3030302c313030303030302c302c30,"37.276133333333334,-121.90015","22.6,101741,  -35,1000.000,1000.000,1000000,0,0",47,1
05/Oct/2019 15:43:54,RockBLOCK 15994,MO,32322e322c3130313033332c20202032342c313030302e3030302c313030302e3030302c313030303030302c302c30,"37.379783333333336,-122.17306666666667","22.2,101033,   24,1000.000,1000.000,1000000,0,0",47,1
03/Oct/2019 07:48:49,RockBLOCK 15994,MO,31392e352c3130313339332c2020202d362c202033372e3432382c2d3132322e3137342c20202033312c302c30,"37.408433333333335,-122.17306666666667","19.5,101393,   -6,  37.428,-122.174,   31,0,0",45,1
03/Oct/2019 07:48:11,Cy-4,MO,32312e352c3130313239312c20202020332c202033372e3432382c2d3132322e3137342c20202032362c302c30,"37.408433333333335,-122.17306666666667","21.5,101291,    3,  37.428,-122.174,   26,0,0",45,1
03/Oct/2019 07:48:07,RockBLOCK 15994,MO,32302e312c3130313338352c2020202d352c202033372e3432382c2d3132322e3137342c20202039342c302c30,"37.42008333333333,-122.13478333333333","20.1,101385,   -5,  37.428,-122.174,   94,0,0",45,1
03/Oct/2019 07:47:26,RockBLOCK 15994,MO,32312e332c3130313339312c2020202d352c202033372e3432392c2d3132322e3137342c20203134332c302c30,"37.426966666666665,-122.19715","21.3,101391,   -5,  37.429,-122.174,  143,0,0",45,1
03/Oct/2019 07:45:22,RockBLOCK 15994,MO,32322e362c3130313338352c2020202d352c313030302e3030302c313030302e3030302c313030303030302c302c30,"37.4556,-122.19715","22.6,101385,   -5,1000.000,1000.000,1000000,0,0",47,1
03/Oct/2019 07:41:22,Cy-4,MO,32342e382c3130313239342c20202020332c313030302e3030302c313030302e3030302c313030303030302c302c30,"37.483183333333336,-123.8533","24.8,101294,    3,1000.000,1000.000,1000000,0,0",47,1
03/Oct/2019 07:40:40,Cy-4,MO,32352e322c3130313239332c20202020332c313030302e3030302c313030302e3030302c313030303030302c302c30,"37.42008333333333,-122.13478333333333","25.2,101293,    3,1000.000,1000.000,1000000,0,0",47,1
